{
  "lineage_id": "20260225_014314_887658",
  "parent_id": null,
  "timestamp": "2026-02-25T01:43:14.900912",
  "birth_hash": "7fda5855121e0fbb",
  "config": {
    "observation_dim": 32,
    "model_dim": 64,
    "starting_energy": 100.0,
    "energy_capacity": 200.0,
    "consumption_rate": 0.3,
    "learning_rate": 0.01,
    "prior_learning_rate": 0.001,
    "precision_learning_rate": 0.001,
    "update_cost_factor": 0.05,
    "prediction_reward_factor": 0.5,
    "observation_noise": 0.01,
    "low_energy_threshold": 20.0
  },
  "summary": {
    "total_ticks": 2000,
    "is_alive": true,
    "final_energy": 194.49187918040147,
    "min_energy": 112.19464142749364,
    "max_energy": 199.72531103495666,
    "mean_energy": 191.09401993434057,
    "final_error": 5.674579432207311,
    "min_error": 0.05155681748227128,
    "max_error": 5.6919341382258,
    "mean_error": 5.656926397340012,
    "total_accumulated_error": 11313.852794680024,
    "near_death_events": 0,
    "model_updates": 2000,
    "birth_hash": "7fda5855121e0fbb",
    "final_hash": "81e6d5058536f73c"
  },
  "generation": 0
}