{
  "timestamp": "20260226_184646",
  "experiment_type": "predictability_sweep",
  "results": [
    {
      "signal_ratio": 1.0,
      "ticks_survived": 2000,
      "is_alive": true,
      "mean_error": 3.057202350516911,
      "min_error": 0.03399658822392407,
      "max_error": 4.9964470955731555,
      "error_std": 0.915656531873064,
      "error_variance": 0.8384268843618073,
      "error_variance_trend": -0.07795319736037021,
      "error_per_dim": 1.08088425675498,
      "mean_energy": 173.69741623333508,
      "min_energy": 100.41402616895947,
      "max_energy": 200.0,
      "energy_std": 31.86954700855786,
      "energy_drift": 99.58597383104053,
      "energy_trend": 0.050483960267716746,
      "mean_update_magnitude": 0.43213396027063505,
      "max_update_magnitude": 0.7093461943073069,
      "update_variance": 0.01685952932956792,
      "precision_variance": 207724135.3473342,
      "prior_entropy": 2.036979408323097,
      "weight_range": 115.91700156514551,
      "near_death_count": 0,
      "accumulated_error": 6114.404701033827,
      "error_to_update_ratio": 7.074663486051391,
      "energy_efficiency": 56.81580618904234
    },
    {
      "signal_ratio": 0.9,
      "ticks_survived": 2000,
      "is_alive": true,
      "mean_error": 3.10285313311769,
      "min_error": 0.7084659864416134,
      "max_error": 5.420242759559462,
      "error_std": 0.926291906024082,
      "error_variance": 0.8580166951657267,
      "error_variance_trend": 0.018051335588584294,
      "error_per_dim": 1.0970242457267219,
      "mean_energy": 173.57815470443083,
      "min_energy": 100.10311655765557,
      "max_energy": 200.0,
      "energy_std": 31.630253529855324,
      "energy_drift": 99.89688344234443,
      "energy_trend": 0.05029567474856599,
      "mean_update_magnitude": 0.43855378859199506,
      "max_update_magnitude": 0.7711943240776713,
      "update_variance": 0.017252019844444164,
      "precision_variance": 159983376.10344368,
      "prior_entropy": 1.8995256820226023,
      "weight_range": 134.31104013181564,
      "near_death_count": 0,
      "accumulated_error": 6205.706266235367,
      "error_to_update_ratio": 7.0751939970056545,
      "energy_efficiency": 55.94146653162038
    },
    {
      "signal_ratio": 0.8,
      "ticks_survived": 2000,
      "is_alive": true,
      "mean_error": 3.225195393423468,
      "min_error": 0.4364430524530347,
      "max_error": 5.558430231013236,
      "error_std": 0.867977081445657,
      "error_variance": 0.7533842139149206,
      "error_variance_trend": 0.021644119435922038,
      "error_per_dim": 1.1402787666706744,
      "mean_energy": 170.43637245487685,
      "min_energy": 100.10286379276974,
      "max_energy": 200.0,
      "energy_std": 32.27123082842584,
      "energy_drift": 99.89713620723026,
      "energy_trend": 0.052707725350757954,
      "mean_update_magnitude": 0.4559656360056113,
      "max_update_magnitude": 0.7826273410455644,
      "update_variance": 0.015183083249565844,
      "precision_variance": 462407041.5962153,
      "prior_entropy": 1.9544363155707907,
      "weight_range": 149.68132122358713,
      "near_death_count": 0,
      "accumulated_error": 6450.3907868469405,
      "error_to_update_ratio": 7.073329957427854,
      "energy_efficiency": 52.84528583822581
    },
    {
      "signal_ratio": 0.7,
      "ticks_survived": 2000,
      "is_alive": true,
      "mean_error": 3.469191181828582,
      "min_error": 0.7791543944235758,
      "max_error": 5.463859452826563,
      "error_std": 0.7895943371888119,
      "error_variance": 0.6234592173206392,
      "error_variance_trend": 0.040038856484143404,
      "error_per_dim": 1.2265443049517815,
      "mean_energy": 161.81900960990438,
      "min_energy": 100.10431124816125,
      "max_energy": 200.0,
      "energy_std": 31.98163428019645,
      "energy_drift": 99.89568875183875,
      "energy_trend": 0.05470252449110794,
      "mean_update_magnitude": 0.4904334530197923,
      "max_update_magnitude": 0.7746240731137874,
      "update_variance": 0.012588647605135802,
      "precision_variance": 11350206.261944413,
      "prior_entropy": 2.0115172590769523,
      "weight_range": 116.52272117217319,
      "near_death_count": 0,
      "accumulated_error": 6938.382363657164,
      "error_to_update_ratio": 7.073724599657773,
      "energy_efficiency": 46.644592679941745
    },
    {
      "signal_ratio": 0.6,
      "ticks_survived": 2000,
      "is_alive": true,
      "mean_error": 3.656925649551468,
      "min_error": 0.6896598460633869,
      "max_error": 5.463001838319883,
      "error_std": 0.7678218413360898,
      "error_variance": 0.5895503800327434,
      "error_variance_trend": -0.025932616917970552,
      "error_per_dim": 1.2929184625464314,
      "mean_energy": 154.1717592416413,
      "min_energy": 100.10425647807219,
      "max_energy": 200.0,
      "energy_std": 29.126289761938818,
      "energy_drift": 99.89574352192781,
      "energy_trend": 0.05042664335869851,
      "mean_update_magnitude": 0.5169919784758041,
      "max_update_magnitude": 0.7712503916435223,
      "update_variance": 0.011904712205575586,
      "precision_variance": 209542959.9681229,
      "prior_entropy": 1.7865021248711672,
      "weight_range": 103.7137755475505,
      "near_death_count": 0,
      "accumulated_error": 7313.851299102928,
      "error_to_update_ratio": 7.073466902959443,
      "energy_efficiency": 42.15884434411047
    },
    {
      "signal_ratio": 0.5,
      "ticks_survived": 2000,
      "is_alive": true,
      "mean_error": 3.8195942885770866,
      "min_error": 1.2722356419327296,
      "max_error": 5.583067662581411,
      "error_std": 0.7730563063855923,
      "error_variance": 0.5976160528425347,
      "error_variance_trend": 0.039286417079628544,
      "error_per_dim": 1.3504305114171322,
      "mean_energy": 145.5823810805747,
      "min_energy": 100.10244842831767,
      "max_energy": 187.73048661898906,
      "energy_std": 24.825766731802812,
      "energy_drift": 87.62803819067139,
      "energy_trend": 0.04299035135734343,
      "mean_update_magnitude": 0.5400245186687376,
      "max_update_magnitude": 0.7899549660551773,
      "update_variance": 0.012097153485250301,
      "precision_variance": 412553911.2274261,
      "prior_entropy": 1.9659660945246884,
      "weight_range": 117.33330054613809,
      "near_death_count": 0,
      "accumulated_error": 7639.188577154161,
      "error_to_update_ratio": 7.073001606085975,
      "energy_efficiency": 38.11461900865839
    },
    {
      "signal_ratio": 0.4,
      "ticks_survived": 2000,
      "is_alive": true,
      "mean_error": 3.862640684279444,
      "min_error": 1.3336097317495068,
      "max_error": 5.4661779542412585,
      "error_std": 0.7726647417448947,
      "error_variance": 0.5970108031357049,
      "error_variance_trend": 0.006989620159531751,
      "error_per_dim": 1.3656497105705205,
      "mean_energy": 143.68369804557804,
      "min_energy": 100.10387810588078,
      "max_energy": 183.41531204495317,
      "energy_std": 23.304558118709256,
      "energy_drift": 83.31143393907239,
      "energy_trend": 0.040349336653726545,
      "mean_update_magnitude": 0.5460989911326083,
      "max_update_magnitude": 0.7709232789299755,
      "update_variance": 0.012065325871507802,
      "precision_variance": 21519017.75932804,
      "prior_entropy": 1.9235733599303113,
      "weight_range": 135.79064721674368,
      "near_death_count": 0,
      "accumulated_error": 7725.281368558891,
      "error_to_update_ratio": 7.073151106836911,
      "energy_efficiency": 37.1983080452283
    },
    {
      "signal_ratio": 0.3,
      "ticks_survived": 2000,
      "is_alive": true,
      "mean_error": 3.8741525279879703,
      "min_error": 1.2666728530385292,
      "max_error": 5.527405333371506,
      "error_std": 0.7702748793569772,
      "error_variance": 0.5933233897684058,
      "error_variance_trend": 0.044820904283775165,
      "error_per_dim": 1.3697197619456498,