{
  "timestamp": "20260226_184734",
  "experiment_type": "predictability_sweep",
  "results": [
    {
      "signal_ratio": 1.0,
      "ticks_survived": 2000,
      "is_alive": true,
      "mean_error": 3.0573186097921847,
      "min_error": 0.02852779480657879,
      "max_error": 4.994877191359287,
      "error_std": 0.9163170931412583,
      "error_variance": 0.8396370151828455,
      "error_variance_trend": -0.08494051122854263,
      "error_per_dim": 1.080925360615941,
      "mean_energy": 119.72384253826252,
      "min_energy": 100.21698937866016,
      "max_energy": 137.21577622762118,
      "energy_std": 10.215547539170414,
      "energy_drift": 36.99878684896102,
      "energy_trend": 0.017676181927704742,
      "mean_update_magnitude": 0.4321677254482876,
      "max_update_magnitude": 0.7109606066011604,
      "update_variance": 0.01689896840771859,
      "precision_variance": 217719684.6035138,
      "prior_entropy": 2.0438354139521633,
      "weight_range": 116.32901932848591,
      "near_death_count": 0,
      "accumulated_error": 6114.637219584372,
      "error_to_update_ratio": 7.074379758260268,
      "energy_efficiency": 39.15975330503239
    },
    {
      "signal_ratio": 0.9,
      "ticks_survived": 2000,
      "is_alive": true,
      "mean_error": 3.038457398505429,
      "min_error": 0.6716387896236833,
      "max_error": 5.4918373605403765,
      "error_std": 0.9576741628217065,
      "error_variance": 0.9171398021362563,
      "error_variance_trend": 0.0592269500243392,
      "error_per_dim": 1.0742569154148123,
      "mean_energy": 121.11773737170567,
      "min_energy": 100.02978926299275,
      "max_energy": 139.7250573301312,
      "energy_std": 10.859573530118793,
      "energy_drift": 39.69526806713844,
      "energy_trend": 0.01878030971525476,
      "mean_update_magnitude": 0.4295752311051758,
      "max_update_magnitude": 0.781110827277373,
      "update_variance": 0.018440287598729656,
      "precision_variance": 35390342.76020643,
      "prior_entropy": 2.0296797908616258,
      "weight_range": 126.24152705443737,
      "near_death_count": 0,
      "accumulated_error": 6076.914797010864,
      "error_to_update_ratio": 7.073167114363225,
      "energy_efficiency": 39.861588129323614
    },
    {
      "signal_ratio": 0.8,
      "ticks_survived": 2000,
      "is_alive": true,
      "mean_error": 3.2794002566505878,
      "min_error": 0.6982511337874975,
      "max_error": 5.438886214567245,
      "error_std": 0.7778710990331397,
      "error_variance": 0.6050834467110247,
      "error_variance_trend": 0.052581210391995814,
      "error_per_dim": 1.1594430798512674,
      "mean_energy": 109.73332077871281,
      "min_energy": 100.02459269991672,
      "max_energy": 117.02399424080863,
      "energy_std": 4.353073510156773,
      "energy_drift": 16.994011919866338,
      "energy_trend": 0.007473593416366072,
      "mean_update_magnitude": 0.46359613010198053,
      "max_update_magnitude": 0.7666579407884581,
      "update_variance": 0.012210995910558858,
      "precision_variance": 199096347.13524237,
      "prior_entropy": 2.029332905799404,
      "weight_range": 131.1418941128015,
      "near_death_count": 0,
      "accumulated_error": 6558.800513301167,
      "error_to_update_ratio": 7.073830092632162,
      "energy_efficiency": 33.46139909357777
    },
    {
      "signal_ratio": 0.7,
      "ticks_survived": 2000,
      "is_alive": true,
      "mean_error": 3.4710213183844307,
      "min_error": 0.7581599892630269,
      "max_error": 5.417994089954607,
      "error_std": 0.7881482151212625,
      "error_variance": 0.621177608998832,
      "error_variance_trend": 0.03154266918764814,
      "error_per_dim": 1.2271913559363505,
      "mean_energy": 102.81209149258898,
      "min_energy": 100.03019525743771,
      "max_energy": 103.6051522584908,
      "energy_std": 0.6398392310873056,
      "energy_drift": 3.3141121155724846,
      "energy_trend": 0.0007256600536742722,
      "mean_update_magnitude": 0.49073623397073446,
      "max_update_magnitude": 0.7684493889783394,
      "update_variance": 0.012537894959882242,
      "precision_variance": 45019047.030578084,
      "prior_entropy": 1.9377964737846662,
      "weight_range": 132.70776754191118,
      "near_death_count": 0,
      "accumulated_error": 6942.042636768853,
      "error_to_update_ratio": 7.073089528343488,
      "energy_efficiency": 29.62012677510155
    },
    {
      "signal_ratio": 0.6,
      "ticks_survived": 2000,
      "is_alive": true,
      "mean_error": 3.656702359427501,
      "min_error": 1.105983610255315,
      "max_error": 5.474018665439062,
      "error_std": 0.7984641233005415,
      "error_variance": 0.6375449561981024,
      "error_variance_trend": 0.10814050794426922,
      "error_per_dim": 1.292839517566017,
      "mean_energy": 95.84551160693829,
      "min_energy": 90.67829788620865,
      "max_energy": 101.21944539967548,
      "energy_std": 3.2648086651262544,
      "energy_drift": -9.205181028227202,
      "energy_trend": -0.005632461014113365,
      "mean_update_magnitude": 0.5169769678821304,
      "max_update_magnitude": 0.7783806333231933,
      "update_variance": 0.012879750488570048,
      "precision_variance": 159900.28405215114,
      "prior_entropy": 1.991928803179087,
      "weight_range": 131.2986706114898,
      "near_death_count": 0,
      "accumulated_error": 7313.404718855013,
      "error_to_update_ratio": 7.073240368328936,
      "energy_efficiency": 26.210914147063068
    },
    {
      "signal_ratio": 0.5,
      "ticks_survived": 2000,
      "is_alive": true,
      "mean_error": 3.7750907745269493,
      "min_error": 0.9923195535291349,
      "max_error": 5.586978173627223,
      "error_std": 0.768707225751009,
      "error_variance": 0.5909107989218128,
      "error_variance_trend": 0.16241239536939656,
      "error_per_dim": 1.3346961431313908,
      "mean_energy": 92.26858950117004,
      "min_energy": 82.66556333547936,
      "max_energy": 100.79307898232683,
      "energy_std": 5.329912450579641,
      "energy_drift": -17.319746699213084,
      "energy_trend": -0.009205291782867595,
      "mean_update_magnitude": 0.5337059658949281,
      "max_update_magnitude": 0.789811845628803,
      "update_variance": 0.01195426188942531,
      "precision_variance": 42509215.662248194,
      "prior_entropy": 1.9695113866891627,
      "weight_range": 109.09835814104017,
      "near_death_count": 0,
      "accumulated_error": 7550.181549053902,
      "error_to_update_ratio": 7.0733531477195895,
      "energy_efficiency": 24.441422739109612
    },
    {
      "signal_ratio": 0.4,
      "ticks_survived": 2000,
      "is_alive": true,
      "mean_error": 3.8339883793375504,
      "min_error": 1.3511686132490535,
      "max_error": 5.6394829302085165,
      "error_std": 0.76323832467318,
      "error_variance": 0.5825327402499225,
      "error_variance_trend": 0.06816219010515479,
      "error_per_dim": 1.3555195910100015,
      "mean_energy": 90.28033251108572,
      "min_energy": 78.95584160438844,
      "max_energy": 100.63696672229432,
      "energy_std": 6.567200121614852,
      "energy_drift": -21.062435638018982,
      "energy_trend": -0.0113538191774987,
      "mean_update_magnitude": 0.5421005798974241,
      "max_update_magnitude": 0.7990649951750355,
      "update_variance": 0.011811934986280309,
      "precision_variance": 105694141.6114806,
      "prior_entropy": 1.8712299875496792,
      "weight_range": 136.19186616107115,
      "near_death_count": 0,
      "accumulated_error": 7667.976758675107,
      "error_to_update_ratio": 7.0724668461999585,
      "energy_efficiency": 23.54736727823101
    },
    {
      "signal_ratio": 0.3,
      "ticks_survived": 2000,
      "is_alive": true,
      "mean_error": 3.9220494571842535,
      "min_error": 1.037728866314432,
      "max_error": 5.490695644621439,
      "error_std": 0.780214481262857,
      "error_variance": 0.6087346367722689,