{
  "timestamp": "20260225_023704",
  "experiment_type": "dimension_sweep",
  "results": [
    {
      "observation_dim": 4,
      "ticks_survived": 2000,
      "is_alive": true,
      "mean_error": 2.0006220982729106,
      "min_error": 0.02592614874729439,
      "max_error": 2.1911801861228306,
      "std_error": 0.053251978889483326,
      "error_trend": -0.000485314146628113,
      "error_improvement": -0.004102444861365573,
      "mean_energy": 196.02142069992618,
      "min_energy": 115.87459939943163,
      "energy_variance": 226.21757581494703,
      "precision_variance": 47797112.34917897,
      "precision_mean": 4352.075356466575,
      "prior_entropy": 1.3362802686221613,
      "weight_range": 2.3069742801669872,
      "model_version": 2000,
      "near_death_count": 0,
      "accumulated_error": 4001.2441965458274
    },
    {
      "observation_dim": 8,
      "ticks_survived": 2000,
      "is_alive": true,
      "mean_error": 2.831904936941533,
      "min_error": 0.03212705253287295,
      "max_error": 2.9635975110054384,
      "std_error": 0.0680318901167153,
      "error_trend": -0.002214871080356673,
      "error_improvement": -0.0033713886005175553,
      "mean_energy": 195.32887073837833,
      "min_energy": 115.86875938099891,
      "energy_variance": 260.06442425299383,
      "precision_variance": 654707291.037485,
      "precision_mean": 15201.689271644711,
      "prior_entropy": 2.040665501580938,
      "weight_range": 2.0167284658129634,
      "model_version": 2000,
      "near_death_count": 0,
      "accumulated_error": 5663.809873883056
    },
    {
      "observation_dim": 12,
      "ticks_survived": 2000,
      "is_alive": true,
      "mean_error": 3.468938752489027,
      "min_error": 0.029566429785370045,
      "max_error": 3.5979319059050296,
      "std_error": 0.08085719850495328,
      "error_trend": -0.002870815573537744,
      "error_improvement": -0.004912002544742666,
      "mean_energy": 194.9472571557954,
      "min_energy": 115.87119728909106,
      "energy_variance": 282.44242271677973,
      "precision_variance": 239443647.36889443,
      "precision_mean": 8507.176462437355,
      "prior_entropy": 2.406368641575253,
      "weight_range": 1.9137771809205641,
      "model_version": 2000,
      "near_death_count": 0,
      "accumulated_error": 6937.877504978054
    },
    {
      "observation_dim": 16,
      "ticks_survived": 2000,
      "is_alive": true,
      "mean_error": 4.0057282430991,
      "min_error": 0.04261376183223495,
      "max_error": 4.110742668721201,
      "std_error": 0.09175767696504847,
      "error_trend": -0.003896270304854177,
      "error_improvement": -0.0033575060426915826,
      "mean_energy": 194.5951396111701,
      "min_energy": 115.85902141556863,
      "energy_variance": 298.53441679955444,
      "precision_variance": 63029029.9517051,
      "precision_mean": 5955.026752197942,
      "prior_entropy": 2.6444516802229643,
      "weight_range": 1.771849870728434,
      "model_version": 2000,
      "near_death_count": 0,
      "accumulated_error": 8011.456486198202
    },
    {
      "observation_dim": 20,
      "ticks_survived": 2000,
      "is_alive": true,
      "mean_error": 4.479813691461294,
      "min_error": 0.02880343817144039,
      "max_error": 4.612495976252177,
      "std_error": 0.10218878297865842,
      "error_trend": -0.006017098420798561,
      "error_improvement": -0.003697427155153754,
      "mean_energy": 194.32024532250315,
      "min_energy": 115.87193856603399,
      "energy_variance": 311.38895910353693,
      "precision_variance": 5529085.160667841,
      "precision_mean": 2008.9856592106687,
      "prior_entropy": 2.8499877349303837,
      "weight_range": 1.6793443943417843,
      "model_version": 2000,
      "near_death_count": 0,
      "accumulated_error": 8959.627382922594
    },
    {
      "observation_dim": 24,
      "ticks_survived": 2000,
      "is_alive": true,
      "mean_error": 4.907900030307917,
      "min_error": 0.04150617852288128,
      "max_error": 5.030713220274,
      "std_error": 0.11093823244226383,
      "error_trend": -0.005819257308789183,
      "error_improvement": -0.006117732324006475,
      "mean_energy": 194.10525727564894,
      "min_energy": 115.86006320453235,
      "energy_variance": 322.5331887003026,
      "precision_variance": 291589475.12255645,
      "precision_mean": 11261.978419328161,
      "prior_entropy": 3.0087379405661347,
      "weight_range": 1.3276084519102056,
      "model_version": 2000,
      "near_death_count": 0,
      "accumulated_error": 9815.80006061583
    },
    {
      "observation_dim": 28,
      "ticks_survived": 2000,
      "is_alive": true,
      "mean_error": 5.301527897755448,
      "min_error": 0.06422607773953949,
      "max_error": 5.422080623299074,
      "std_error": 0.11915759946692975,
      "error_trend": -0.0070123003021276276,
      "error_improvement": -0.0038109146131182214,
      "mean_energy": 193.92952200950396,
      "min_energy": 115.83952859222266,
      "energy_variance": 332.3672926820752,
      "precision_variance": 261828248.82176945,
      "precision_mean": 6276.438250317258,
      "prior_entropy": 3.1379698374656653,
      "weight_range": 1.2168917005174684,
      "model_version": 2000,
      "near_death_count": 0,
      "accumulated_error": 10603.055795510907
    },
    {
      "observation_dim": 32,
      "ticks_survived": 2000,
      "is_alive": true,
      "mean_error": 5.668102803603304,
      "min_error": 0.05348802129081699,
      "max_error": 5.791240667718956,
      "std_error": 0.12772483266835402,
      "error_trend": -0.006955938283128127,
      "error_improvement": -0.005724710133761413,
      "mean_energy": 193.78743631993345,
      "min_energy": 115.84913313479635,
      "energy_variance": 340.64444568030007,
      "precision_variance": 42449752.69238361,
      "precision_mean": 4181.281317653432,
      "prior_entropy": 3.25894347102669,
      "weight_range": 1.2548046335824357,
      "model_version": 2000,
      "near_death_count": 0,
      "accumulated_error": 11336.205607206633
    }
  ],
  "analysis": {
    "viable_dimensions": [],
    "collapsed_dimensions": [
      4,
      8,
      12,
      16,
      20,
      24,
      28,
      32
    ],
    "critical_dimension": null,
    "collapse_dimension": 4,
    "estimated_boundary": null,
    "precision_explosion_at": 4,
    "total_tested": 8
  }
}