{
  "timestamp": "20260226_183552",
  "experiment_type": "predictability_sweep",
  "results": [
    {
      "signal_ratio": 1.0,
      "ticks_survived": 2000,
      "is_alive": true,
      "mean_error": 3.0571552534857593,
      "min_error": 0.017998172282824795,
      "max_error": 5.011033905988952,
      "error_std": 0.9169879907551466,
      "error_variance": 0.8408669751891608,
      "error_variance_trend": -0.07848582281657568,
      "error_per_dim": 1.0808676054399295,
      "mean_energy": 181.45484211124423,
      "min_energy": 100.5161941329064,
      "max_energy": 200.0,
      "energy_std": 29.31056914093688,
      "energy_drift": 99.4838058670936,
      "energy_trend": 0.04149409390316822,
      "mean_update_magnitude": 0.43218046412920386,
      "max_update_magnitude": 0.7116526778285565,
      "update_variance": 0.01691572782351935,
      "precision_variance": 6760592.21096885,
      "prior_entropy": 2.0399957243042786,
      "weight_range": 116.06032407561015,
      "near_death_count": 0,
      "accumulated_error": 6114.310506971523,
      "error_to_update_ratio": 7.073793256569826,
      "energy_efficiency": 59.35414693068484
    },
    {
      "signal_ratio": 0.9,
      "ticks_survived": 2000,
      "is_alive": true,
      "mean_error": 3.160125091275846,
      "min_error": 0.7684679974824247,
      "max_error": 5.336179754859112,
      "error_std": 0.8881108214114453,
      "error_variance": 0.7887408311081121,
      "error_variance_trend": -0.034325427540715436,
      "error_per_dim": 1.117272940719454,
      "mean_energy": 180.18465809438504,
      "min_energy": 100.13974584391252,
      "max_energy": 200.0,
      "energy_std": 29.914002103390875,
      "energy_drift": 99.86025415608748,
      "energy_trend": 0.043327509316706335,
      "mean_update_magnitude": 0.44673126668381724,
      "max_update_magnitude": 0.7514262198378354,
      "update_variance": 0.01586694641903163,
      "precision_variance": 30109842.330632336,
      "prior_entropy": 1.945851311595832,
      "weight_range": 133.16689562483757,
      "near_death_count": 0,
      "accumulated_error": 6320.250182551695,
      "error_to_update_ratio": 7.073883845262833,
      "energy_efficiency": 57.01820430656964
    },
    {
      "signal_ratio": 0.8,
      "ticks_survived": 2000,
      "is_alive": true,
      "mean_error": 3.2555443652340044,
      "min_error": 0.7831921807572952,
      "max_error": 5.5856820549344395,
      "error_std": 0.8376028059854871,
      "error_variance": 0.7015784605947615,
      "error_variance_trend": -0.01003902589553074,
      "error_per_dim": 1.1510087485553093,
      "mean_energy": 178.76625035855295,
      "min_energy": 100.14304161288658,
      "max_energy": 200.0,
      "energy_std": 30.39565230322447,
      "energy_drift": 99.85695838711342,
      "energy_trend": 0.04512713310772379,
      "mean_update_magnitude": 0.4601870744295352,
      "max_update_magnitude": 0.7930840548867143,
      "update_variance": 0.014138697264682745,
      "precision_variance": 261956123.39225268,
      "prior_entropy": 2.0413391834023376,
      "weight_range": 114.5779394399699,
      "near_death_count": 0,
      "accumulated_error": 6511.088730467998,
      "error_to_update_ratio": 7.0743933183309355,
      "energy_efficiency": 54.91132366743598
    },
    {
      "signal_ratio": 0.7,
      "ticks_survived": 2000,
      "is_alive": true,
      "mean_error": 3.4355979236558487,
      "min_error": 0.7829672591132948,
      "max_error": 5.432702904286482,
      "error_std": 0.8386361434821186,
      "error_variance": 0.7033105811545606,
      "error_variance_trend": 0.19203321640959947,
      "error_per_dim": 1.2146672946237365,
      "mean_energy": 175.77955657526488,
      "min_energy": 100.13987097407832,
      "max_energy": 200.0,
      "energy_std": 31.29056827441621,
      "energy_drift": 99.86012902592168,
      "energy_trend": 0.048458372685668355,
      "mean_update_magnitude": 0.48561092702925657,
      "max_update_magnitude": 0.7658604767662495,
      "update_variance": 0.014183598503994702,
      "precision_variance": 95970103.3594155,
      "prior_entropy": 2.010523376584784,
      "weight_range": 135.2120115775134,
      "near_death_count": 0,
      "accumulated_error": 6871.1958473116965,
      "error_to_update_ratio": 7.074795338658813,
      "energy_efficiency": 51.164181745429616
    },
    {
      "signal_ratio": 0.6,
      "ticks_survived": 2000,
      "is_alive": true,
      "mean_error": 3.67470368181974,
      "min_error": 0.7763065335434507,
      "max_error": 5.588602438030002,
      "error_std": 0.7422725522140814,
      "error_variance": 0.5509685417704062,
      "error_variance_trend": 0.02807274422842776,
      "error_per_dim": 1.2992039461329556,
      "mean_energy": 169.98463092897455,
      "min_energy": 100.14150004723778,
      "max_energy": 200.0,
      "energy_std": 32.47200958792217,
      "energy_drift": 99.85849995276222,
      "energy_trend": 0.05316466204949241,
      "mean_update_magnitude": 0.5194781405783837,
      "max_update_magnitude": 0.7893928869008797,
      "update_variance": 0.011162325874182671,
      "precision_variance": 163658159.73985037,
      "prior_entropy": 1.9023525351468744,
      "weight_range": 138.71432276968568,
      "near_death_count": 0,
      "accumulated_error": 7349.407363639481,
      "error_to_update_ratio": 7.073836979975643,
      "energy_efficiency": 46.258051163508
    },
    {
      "signal_ratio": 0.5,
      "ticks_survived": 2000,
      "is_alive": true,
      "mean_error": 3.835466922569346,
      "min_error": 0.9826270296224395,
      "max_error": 5.580497105415725,
      "error_std": 0.7930703631083071,
      "error_variance": 0.6289606008407421,
      "error_variance_trend": 0.20205989017645298,
      "error_per_dim": 1.3560423349827415,
      "mean_energy": 166.2302663160226,
      "min_energy": 100.14104677509721,
      "max_energy": 200.0,
      "energy_std": 32.070933551785274,
      "energy_drift": 99.85895322490279,
      "energy_trend": 0.053955636236297594,
      "mean_update_magnitude": 0.5422493014791528,
      "max_update_magnitude": 0.7876050297853078,
      "update_variance": 0.01273332500376436,
      "precision_variance": 161465901.2239052,
      "prior_entropy": 1.872271719073585,
      "weight_range": 115.32880691457042,
      "near_death_count": 0,
      "accumulated_error": 7670.933845138699,
      "error_to_update_ratio": 7.073253780870897,
      "energy_efficiency": 43.34029458930449
    },
    {
      "signal_ratio": 0.4,
      "ticks_survived": 2000,
      "is_alive": true,
      "mean_error": 3.8679263996706568,
      "min_error": 1.3487660010182267,
      "max_error": 5.585889415701131,
      "error_std": 0.7825393145189163,
      "error_variance": 0.6123677787677355,
      "error_variance_trend": 0.08855211578082722,
      "error_per_dim": 1.3675184931687947,
      "mean_energy": 164.40119978616752,
      "min_energy": 100.14075719869305,
      "max_energy": 200.0,
      "energy_std": 32.38938910804397,
      "energy_drift": 99.85924280130695,
      "energy_trend": 0.05485658080064513,
      "mean_update_magnitude": 0.5469127299236598,
      "max_update_magnitude": 0.788117257751326,
      "update_variance": 0.01239825377585869,
      "precision_variance": 2468167.5478067026,
      "prior_entropy": 1.8303081705686504,
      "weight_range": 119.02341073186338,
      "near_death_count": 0,
      "accumulated_error": 7735.852799341321,
      "error_to_update_ratio": 7.072291770395119,
      "energy_efficiency": 42.503704257639306
    },
    {
      "signal_ratio": 0.3,
      "ticks_survived": 2000,
      "is_alive": true,
      "mean_error": 3.867248143015484,
      "min_error": 1.083251664871267,
      "max_error": 5.798482373485559,
      "error_std": 0.7815999989105282,
      "error_variance": 0.6108985582969377,
      "error_variance_trend": 0.08980603645422952,
      "error_per_dim": 1.367278693228666,
      "mean_energy": 164.66670326238366,