{
  "timestamp": "20260225_024947",
  "experiment_type": "predictability_sweep",
  "results": [
    {
      "signal_ratio": 1.0,
      "ticks_survived": 504,
      "is_alive": false,
      "mean_error": 2.831901829186339,
      "min_error": 0.01246181517710042,
      "max_error": 2.9713370938892845,
      "error_std": 0.1309251395580928,
      "error_variance": 0.017141392168306072,
      "error_variance_trend": -0.02720339944725731,
      "error_per_dim": 1.001228493536124,
      "mean_energy": 50.24982180649104,
      "min_energy": 0.0,
      "max_energy": 100.6462549705425,
      "energy_std": 29.19590787869677,
      "energy_drift": -100.6462549705425,
      "energy_trend": -0.20066986520701888,
      "mean_update_magnitude": 0.10605551514669087,
      "max_update_magnitude": 0.12507273306467823,
      "update_variance": 6.916516484700534e-05,
      "precision_variance": 3618069.260179992,
      "prior_entropy": 2.0731767113690833,
      "weight_range": 0.7489209600417709,
      "near_death_count": 100,
      "accumulated_error": 1424.4126256695984,
      "error_to_update_ratio": 26.702070350600646,
      "energy_efficiency": 17.74419624537422
    },
    {
      "signal_ratio": 0.9,
      "ticks_survived": 497,
      "is_alive": false,
      "mean_error": 2.836780116538962,
      "min_error": 2.735850300117545,
      "max_error": 2.983766834348433,
      "error_std": 0.034842088414754065,
      "error_variance": 0.0012139711251015395,
      "error_variance_trend": -0.0002150404511912338,
      "error_per_dim": 1.0029532285699323,
      "mean_energy": 49.82785803930772,
      "min_energy": 0.0,
      "max_energy": 99.79989778477484,
      "energy_std": 28.99799182784627,
      "energy_drift": -99.79989778477484,
      "energy_trend": -0.20211652146803705,
      "mean_update_magnitude": 0.10910243334820545,
      "max_update_magnitude": 0.12356399430861743,
      "update_variance": 4.6851063629918936e-05,
      "precision_variance": 1184119.2945871633,
      "prior_entropy": 1.9696907658144873,
      "weight_range": 0.7478683248998166,
      "near_death_count": 100,
      "accumulated_error": 1407.0522622892381,
      "error_to_update_ratio": 26.001070983312907,
      "energy_efficiency": 17.56493488763737
    },
    {
      "signal_ratio": 0.8,
      "ticks_survived": 488,
      "is_alive": false,
      "mean_error": 2.8376857969737705,
      "min_error": 2.681776118704791,
      "max_error": 2.990422735374263,
      "error_std": 0.04905256221515674,
      "error_variance": 0.002406153859871823,
      "error_variance_trend": 4.2543782984722986e-05,
      "error_per_dim": 1.0032734349584527,
      "mean_energy": 50.276636303852165,
      "min_energy": 0.0,
      "max_energy": 99.7999070570303,
      "energy_std": 28.89393192756037,
      "energy_drift": -99.7999070570303,
      "energy_trend": -0.20509707863617785,
      "mean_update_magnitude": 0.11922956544635874,
      "max_update_magnitude": 0.14601512402685307,
      "update_variance": 0.00013119067686968302,
      "precision_variance": 1835771.8372750082,
      "prior_entropy": 1.8631187885883986,
      "weight_range": 0.9925841111638889,
      "near_death_count": 95,
      "accumulated_error": 1381.9467078334671,
      "error_to_update_ratio": 23.80018566678769,
      "energy_efficiency": 17.71747821964559
    },
    {
      "signal_ratio": 0.7,
      "ticks_survived": 498,
      "is_alive": false,
      "mean_error": 2.8370203149994477,
      "min_error": 2.682173509840712,
      "max_error": 3.0068124315714417,
      "error_std": 0.050271842176928934,
      "error_variance": 0.002527258115862051,
      "error_variance_trend": 0.0008315248827077465,
      "error_per_dim": 1.0030381515500522,
      "mean_energy": 49.93908623033014,
      "min_energy": 0.0,
      "max_energy": 99.7997370096046,
      "energy_std": 28.916408020727076,
      "energy_drift": -99.7997370096046,
      "energy_trend": -0.2011424614719778,
      "mean_update_magnitude": 0.111247174779477,
      "max_update_magnitude": 0.13120667301746153,
      "update_variance": 5.231785230483084e-05,
      "precision_variance": 535879.5480770959,
      "prior_entropy": 1.9787086741998978,
      "weight_range": 0.6565978361319351,
      "near_death_count": 100,
      "accumulated_error": 1409.9931247049483,
      "error_to_update_ratio": 25.50195380757327,
      "energy_efficiency": 17.602653729527347
    },
    {
      "signal_ratio": 0.6,
      "ticks_survived": 501,
      "is_alive": false,
      "mean_error": 2.836290597798379,
      "min_error": 2.652847301501268,
      "max_error": 3.0006608576432585,
      "error_std": 0.05464869724855198,
      "error_variance": 0.002986480110963893,
      "error_variance_trend": 0.0008121796561948932,
      "error_per_dim": 1.0027801575594402,
      "mean_energy": 49.932073306508634,
      "min_energy": 0.0,
      "max_energy": 99.79999119406614,
      "energy_std": 28.900852706508534,
      "energy_drift": -99.79999119406614,
      "energy_trend": -0.19983084907587154,
      "mean_update_magnitude": 0.109837130978321,
      "max_update_magnitude": 0.13499044647282332,
      "update_variance": 6.332526230657159e-05,
      "precision_variance": 16972041.94305951,
      "prior_entropy": 1.8560891827906474,
      "weight_range": 0.827801443312818,
      "near_death_count": 100,
      "accumulated_error": 1418.1826791701042,
      "error_to_update_ratio": 25.822693746215204,
      "energy_efficiency": 17.604709948799695
    },
    {
      "signal_ratio": 0.5,
      "ticks_survived": 499,
      "is_alive": false,
      "mean_error": 2.8340230130896766,
      "min_error": 2.6346246277338774,
      "max_error": 3.035422868573297,
      "error_std": 0.061456810184015186,
      "error_variance": 0.0037769395179940725,
      "error_variance_trend": 0.00010964057012086744,
      "error_per_dim": 1.001978445297221,
      "mean_energy": 49.856157138275144,
      "min_energy": 0.0,
      "max_energy": 99.80545825117797,
      "energy_std": 29.05506066512923,
      "energy_drift": -99.80545825117797,
      "energy_trend": -0.20170067516540777,
      "mean_update_magnitude": 0.11390033572903356,
      "max_update_magnitude": 0.13905151246374126,
      "update_variance": 7.95917823363126e-05,
      "precision_variance": 1632898070.937749,
      "prior_entropy": 1.8506888415069231,
      "weight_range": 0.9861729754437247,
      "near_death_count": 101,
      "accumulated_error": 1411.5046434894255,
      "error_to_update_ratio": 24.881603662201627,
      "energy_efficiency": 17.592008570940404
    },
    {
      "signal_ratio": 0.4,
      "ticks_survived": 500,
      "is_alive": false,
      "mean_error": 2.8347900495726437,
      "min_error": 2.6393458786807904,
      "max_error": 3.0812861143060624,
      "error_std": 0.06957328495255205,
      "error_variance": 0.004840441979089006,
      "error_variance_trend": 0.002308841642818612,
      "error_per_dim": 1.0022496336464828,
      "mean_energy": 49.7239922764987,
      "min_energy": 0.0,
      "max_energy": 99.80209338586658,
      "energy_std": 28.939626700094404,
      "energy_drift": -99.80209338586658,
      "energy_trend": -0.20049920122159232,
      "mean_update_magnitude": 0.11474942327123114,
      "max_update_magnitude": 0.14323913615709336,
      "update_variance": 7.205824653958746e-05,
      "precision_variance": 11325644.387780527,
      "prior_entropy": 1.7736367567133278,
      "weight_range": 1.331864741395233,
      "near_death_count": 100,
      "accumulated_error": 1414.5687324604628,
      "error_to_update_ratio": 24.704176860232963,
      "energy_efficiency": 17.540626079959868
    },
    {
      "signal_ratio": 0.3,
      "ticks_survived": 494,
      "is_alive": false,
      "mean_error": 2.8360549142983884,
      "min_error": 2.625372587046057,
      "max_error": 3.046720215515098,
      "error_std": 0.06970240361759902,
      "error_variance": 0.004858425070070681,
      "error_variance_trend": -0.0011264471964938603,