{
  "timestamp": "20260225_024255",
  "experiment_type": "predictability_sweep",
  "results": [
    {
      "signal_ratio": 1.0,
      "ticks_survived": 2000,
      "is_alive": true,
      "mean_error": 2.8315860510198565,
      "min_error": 0.029809061871912602,
      "max_error": 2.9637063376268027,
      "error_std": 0.06809945751034646,
      "error_variance": 0.004637536113203483,
      "error_variance_trend": -0.026678767392692992,
      "error_per_dim": 1.001116849094689,
      "mean_energy": 195.32981858866495,
      "min_energy": 115.87094840632709,
      "max_energy": 200.0,
      "energy_std": 16.124914314260575,
      "energy_drift": 84.12905159367291,
      "energy_trend": 0.01304063436721436,
      "mean_update_magnitude": 0.10621719332121514,
      "max_update_magnitude": 0.12469425208547796,
      "update_variance": 2.2091890568968125e-05,
      "precision_variance": 9182079.161223054,
      "prior_entropy": 2.040405444776896,
      "weight_range": 1.9871339012388067,
      "near_death_count": 0,
      "accumulated_error": 5663.172102039716,
      "error_to_update_ratio": 26.658452928528366,
      "energy_efficiency": 68.98247662698242
    },
    {
      "signal_ratio": 0.9,
      "ticks_survived": 2000,
      "is_alive": true,
      "mean_error": 2.8345387033863902,
      "min_error": 2.677237478185641,
      "max_error": 3.0183973090849716,
      "error_std": 0.03553930291017539,
      "error_variance": 0.0012630420513412006,
      "error_variance_trend": -0.00011726425622114907,
      "error_per_dim": 1.0021607693501202,
      "mean_energy": 195.25684735944589,
      "min_energy": 115.15137406509032,
      "max_energy": 200.0,
      "energy_std": 16.314173671438443,
      "energy_drift": 84.84862593490968,
      "energy_trend": 0.013237510075183959,
      "mean_update_magnitude": 0.11447324781151128,
      "max_update_magnitude": 0.14753432652365125,
      "update_variance": 4.100847455330797e-05,
      "precision_variance": 5581133.141261892,
      "prior_entropy": 1.9152891365968685,
      "weight_range": 2.5728929342997695,
      "near_death_count": 0,
      "accumulated_error": 5669.077406772776,
      "error_to_update_ratio": 24.76158189883379,
      "energy_efficiency": 68.88487608910978
    },
    {
      "signal_ratio": 0.8,
      "ticks_survived": 2000,
      "is_alive": true,
      "mean_error": 2.8351585489093436,
      "min_error": 2.6740309854762665,
      "max_error": 3.0051138842134453,
      "error_std": 0.0398479028029434,
      "error_variance": 0.0015878553577928242,
      "error_variance_trend": -0.0007866851123956343,
      "error_per_dim": 1.0023799178364043,
      "mean_energy": 195.2556184606803,
      "min_energy": 115.15074271122992,
      "max_energy": 200.0,
      "energy_std": 16.315049098370075,
      "energy_drift": 84.84925728877008,
      "energy_trend": 0.013240564973720803,
      "mean_update_magnitude": 0.11549816154944434,
      "max_update_magnitude": 0.14811699879877713,
      "update_variance": 5.072818402194277e-05,
      "precision_variance": 130931583.91083965,
      "prior_entropy": 1.8168411958533464,
      "weight_range": 1.909972727192397,
      "near_death_count": 0,
      "accumulated_error": 5670.317097818695,
      "error_to_update_ratio": 24.547217967975197,
      "energy_efficiency": 68.8693824650146
    },
    {
      "signal_ratio": 0.7,
      "ticks_survived": 2000,
      "is_alive": true,
      "mean_error": 2.840344586421969,
      "min_error": 2.6457890429867366,
      "max_error": 3.068815855020677,
      "error_std": 0.05457073616988128,
      "error_variance": 0.0029779652461227888,
      "error_variance_trend": 5.926042684193701e-05,
      "error_per_dim": 1.004213458982737,
      "mean_energy": 195.2550305143227,
      "min_energy": 115.15045920670559,
      "max_energy": 200.0,
      "energy_std": 16.31671550012061,
      "energy_drift": 84.84954079329441,
      "energy_trend": 0.013242168115663878,
      "mean_update_magnitude": 0.11830652907985265,
      "max_update_magnitude": 0.17253458789106982,
      "update_variance": 0.00010867891215292613,
      "precision_variance": 125227902.70414416,
      "prior_entropy": 1.9667611619589735,
      "weight_range": 3.745531156633043,
      "near_death_count": 0,
      "accumulated_error": 5680.689172843946,
      "error_to_update_ratio": 24.008350224728545,
      "energy_efficiency": 68.7434304418023
    },
    {
      "signal_ratio": 0.6,
      "ticks_survived": 2000,
      "is_alive": true,
      "mean_error": 2.8350959345095816,
      "min_error": 2.607057341699515,
      "max_error": 3.091054289774696,
      "error_std": 0.0597626397627404,
      "error_variance": 0.0035715731114110793,
      "error_variance_trend": 0.0026301748149076746,
      "error_per_dim": 1.0023577803030685,
      "mean_energy": 195.2548072414159,
      "min_energy": 115.15180549628215,
      "max_energy": 200.0,
      "energy_std": 16.317740638144915,
      "energy_drift": 84.84819450371785,
      "energy_trend": 0.013242817990956475,
      "mean_update_magnitude": 0.1208216030412093,
      "max_update_magnitude": 0.16036103788893874,
      "update_variance": 9.207128070037595e-05,
      "precision_variance": 118470321.50587678,
      "prior_entropy": 1.9705450245023406,
      "weight_range": 2.1078414850217717,
      "near_death_count": 0,
      "accumulated_error": 5670.191869019157,
      "error_to_update_ratio": 23.465140842371422,
      "energy_efficiency": 68.87061734237373
    },
    {
      "signal_ratio": 0.5,
      "ticks_survived": 2000,
      "is_alive": true,
      "mean_error": 2.833929923356871,
      "min_error": 2.5760928584132574,
      "max_error": 3.1095083160188093,
      "error_std": 0.06021116405785629,
      "error_variance": 0.0036253842772020844,
      "error_variance_trend": 0.0009914787762900614,
      "error_per_dim": 1.001945533106558,
      "mean_energy": 195.25269242438085,
      "min_energy": 115.15056150131163,
      "max_energy": 200.0,
      "energy_std": 16.32079666807165,
      "energy_drift": 84.84943849868837,
      "energy_trend": 0.013248249422218398,
      "mean_update_magnitude": 0.11771553404497044,
      "max_update_magnitude": 0.15241023670376025,
      "update_variance": 5.720495781849094e-05,
      "precision_variance": 1156868627.1809382,
      "prior_entropy": 1.9717127845097,
      "weight_range": 1.9224371535269538,
      "near_death_count": 0,
      "accumulated_error": 5667.859846713742,
      "error_to_update_ratio": 24.074392083773716,
      "energy_efficiency": 68.89820768264045
    },
    {
      "signal_ratio": 0.4,
      "ticks_survived": 2000,
      "is_alive": true,
      "mean_error": 2.837573726999879,
      "min_error": 2.553892110387054,
      "max_error": 3.10076745217561,
      "error_std": 0.0727108171781146,
      "error_variance": 0.005286862934709206,
      "error_variance_trend": 0.003569311770599331,
      "error_per_dim": 1.0032338122391997,
      "mean_energy": 195.25621921643213,
      "min_energy": 115.15114710551595,
      "max_energy": 200.0,
      "energy_std": 16.3154483856596,
      "energy_drift": 84.84885289448405,
      "energy_trend": 0.01323915863754595,
      "mean_update_magnitude": 0.11927628731376602,
      "max_update_magnitude": 0.1538639593101158,
      "update_variance": 9.088264423019071e-05,
      "precision_variance": 45383315.66400108,
      "prior_entropy": 1.9517830556498161,
      "weight_range": 2.32277769974838,
      "near_death_count": 0,
      "accumulated_error": 5675.147453999756,
      "error_to_update_ratio": 23.789923282541626,
      "energy_efficiency": 68.81097655777646
    },
    {
      "signal_ratio": 0.3,
      "ticks_survived": 2000,
      "is_alive": true,
      "mean_error": 2.8347203170408837,
      "min_error": 2.6092962435523597,
      "max_error": 3.0918508560709634,
      "error_std": 0.06393755174988074,
      "error_variance": 0.004088010523768676,
      "error_variance_trend": 0.0003309592281665911,