{
  "timestamp": "20260225_025129",
  "experiment_type": "predictability_sweep",
  "results": [
    {
      "signal_ratio": 1.0,
      "ticks_survived": 2000,
      "is_alive": true,
      "mean_error": 2.831610709165645,
      "min_error": 0.02640693181819998,
      "max_error": 2.9563197024212973,
      "error_std": 0.06817297545416298,
      "error_variance": 0.004647554582273909,
      "error_variance_trend": -0.026968044329587933,
      "error_per_dim": 1.001125567065738,
      "mean_energy": 172.6460124291084,
      "min_energy": 100.64209893681067,
      "max_energy": 200.0,
      "energy_std": 32.6551661832961,
      "energy_drift": 99.35790106318933,
      "energy_trend": 0.051983892596239964,
      "mean_update_magnitude": 0.10620491125245343,
      "max_update_magnitude": 0.1249576429163765,
      "update_variance": 2.2218680612575308e-05,
      "precision_variance": 1440406.946172126,
      "prior_entropy": 2.0436864543294746,
      "weight_range": 2.0075823500725845,
      "near_death_count": 0,
      "accumulated_error": 5663.221418331292,
      "error_to_update_ratio": 26.661768020959155,
      "energy_efficiency": 60.970956164338965
    },
    {
      "signal_ratio": 0.9,
      "ticks_survived": 2000,
      "is_alive": true,
      "mean_error": 2.8357264510905447,
      "min_error": 2.7206416158440345,
      "max_error": 3.0104371391042526,
      "error_std": 0.03541939962614511,
      "error_variance": 0.0012545338698765683,
      "error_variance_trend": -0.0006710025671612908,
      "error_per_dim": 1.0025807015780932,
      "mean_energy": 171.87685022732256,
      "min_energy": 100.092138621833,
      "max_energy": 200.0,
      "energy_std": 32.807738819278015,
      "energy_drift": 99.907861378167,
      "energy_trend": 0.05260365639765087,
      "mean_update_magnitude": 0.11127661760521111,
      "max_update_magnitude": 0.1344494512179748,
      "update_variance": 5.536085067036453e-05,
      "precision_variance": 838661.7554060207,
      "prior_entropy": 2.042147320858426,
      "weight_range": 3.177329170710866,
      "near_death_count": 0,
      "accumulated_error": 5671.452902181089,
      "error_to_update_ratio": 25.483578756885123,
      "energy_efficiency": 60.611223679619094
    },
    {
      "signal_ratio": 0.8,
      "ticks_survived": 2000,
      "is_alive": true,
      "mean_error": 2.8337008806502397,
      "min_error": 2.7380011327602287,
      "max_error": 2.937409445315722,
      "error_std": 0.030802004188809278,
      "error_variance": 0.0009487634620474242,
      "error_variance_trend": -0.0008370197473786485,
      "error_per_dim": 1.001864554281038,
      "mean_energy": 171.73989998909298,
      "min_energy": 100.09410003183964,
      "max_energy": 200.0,
      "energy_std": 32.85662396560678,
      "energy_drift": 99.90589996816036,
      "energy_trend": 0.052735938018110384,
      "mean_update_magnitude": 0.11137768429930349,
      "max_update_magnitude": 0.12875987483199505,
      "update_variance": 2.224698433177825e-05,
      "precision_variance": 9937772.2044055,
      "prior_entropy": 2.0111181064437975,
      "weight_range": 1.60674900008163,
      "near_death_count": 0,
      "accumulated_error": 5667.401761300476,
      "error_to_update_ratio": 25.442267864817996,
      "energy_efficiency": 60.60622035153681
    },
    {
      "signal_ratio": 0.7,
      "ticks_survived": 2000,
      "is_alive": true,
      "mean_error": 2.8361312537892536,
      "min_error": 2.6548405507369943,
      "max_error": 3.0463677331704813,
      "error_std": 0.04650378205696951,
      "error_variance": 0.0021626017456021196,
      "error_variance_trend": 0.0013045576197006697,
      "error_per_dim": 1.002723820944743,
      "mean_energy": 171.3400967854052,
      "min_energy": 100.09294385111755,
      "max_energy": 200.0,
      "energy_std": 32.937996655315345,
      "energy_drift": 99.90705614888245,
      "energy_trend": 0.053048914850997365,
      "mean_update_magnitude": 0.11456243245098918,
      "max_update_magnitude": 0.1550140332534412,
      "update_variance": 6.145461338816548e-05,
      "precision_variance": 7584470.669237762,
      "prior_entropy": 1.896048666976594,
      "weight_range": 3.7782547640958017,
      "near_death_count": 0,
      "accumulated_error": 5672.262507578495,
      "error_to_update_ratio": 24.756206643281207,
      "energy_efficiency": 60.41331710245867
    },
    {
      "signal_ratio": 0.6,
      "ticks_survived": 2000,
      "is_alive": true,
      "mean_error": 2.835826997790435,
      "min_error": 2.606292609982115,
      "max_error": 3.099654000285887,
      "error_std": 0.06220091096986117,
      "error_variance": 0.0038689533254805957,
      "error_variance_trend": 0.0007950514057637032,
      "error_per_dim": 1.0026162502047524,
      "mean_energy": 171.091751955942,
      "min_energy": 100.09606368025456,
      "max_energy": 200.0,
      "energy_std": 32.876452351594374,
      "energy_drift": 99.90393631974544,
      "energy_trend": 0.05311067751742788,
      "mean_update_magnitude": 0.1163738307135233,
      "max_update_magnitude": 0.14659953177733412,
      "update_variance": 4.2420153491323e-05,
      "precision_variance": 26912996.91805164,
      "prior_entropy": 1.948527688797485,
      "weight_range": 1.875075147354016,
      "near_death_count": 0,
      "accumulated_error": 5671.65399558087,
      "error_to_update_ratio": 24.368253394825054,
      "energy_efficiency": 60.332224808924074
    },
    {
      "signal_ratio": 0.5,
      "ticks_survived": 2000,
      "is_alive": true,
      "mean_error": 2.8360607804307008,
      "min_error": 2.5312943729065913,
      "max_error": 3.189806057485962,
      "error_std": 0.06320411383857763,
      "error_variance": 0.00399476000611988,
      "error_variance_trend": 0.004844353818740002,
      "error_per_dim": 1.0026989048498802,
      "mean_energy": 170.3327995249898,
      "min_energy": 100.09500166017263,
      "max_energy": 200.0,
      "energy_std": 33.02483006741475,
      "energy_drift": 99.90499833982737,
      "energy_trend": 0.05366951944341865,
      "mean_update_magnitude": 0.12254975990625985,
      "max_update_magnitude": 0.16082369757456752,
      "update_variance": 8.827393705260436e-05,
      "precision_variance": 749811260.948312,
      "prior_entropy": 1.8503893025555647,
      "weight_range": 2.524953815580882,
      "near_death_count": 0,
      "accumulated_error": 5672.121560861403,
      "error_to_update_ratio": 23.142116151723467,
      "energy_efficiency": 60.0596435359598
    },
    {
      "signal_ratio": 0.4,
      "ticks_survived": 2000,
      "is_alive": true,
      "mean_error": 2.8356905663859164,
      "min_error": 2.6688836757124164,
      "max_error": 3.0616083753246706,
      "error_std": 0.049738266404034885,
      "error_variance": 0.002473895144878745,
      "error_variance_trend": -0.0020424847989422,
      "error_per_dim": 1.0025680144191016,
      "mean_energy": 170.83592011034628,
      "min_energy": 100.09536118440123,
      "max_energy": 200.0,
      "energy_std": 33.06571113933337,
      "energy_drift": 99.90463881559877,
      "energy_trend": 0.053463238797214464,
      "mean_update_magnitude": 0.11553416003430268,
      "max_update_magnitude": 0.1421977924377268,
      "update_variance": 4.732081680125552e-05,
      "precision_variance": 29424319.863760106,
      "prior_entropy": 1.9055224026006572,
      "weight_range": 1.7875741177592395,
      "near_death_count": 0,
      "accumulated_error": 5671.3811327718395,
      "error_to_update_ratio": 24.54417432116673,
      "energy_efficiency": 60.244908993033015
    },
    {
      "signal_ratio": 0.3,
      "ticks_survived": 2000,
      "is_alive": true,
      "mean_error": 2.8348815255862165,
      "min_error": 2.5425091110188087,
      "max_error": 3.119110669541767,
      "error_std": 0.07058771840131346,
      "error_variance": 0.004982625989103127,
      "error_variance_trend": 0.00310779167385458,