{
  "timestamp": "20260225_025318",
  "experiment_type": "predictability_sweep",
  "results": [
    {
      "signal_ratio": 1.0,
      "ticks_survived": 2000,
      "is_alive": true,
      "mean_error": 3.060465901805249,
      "min_error": 0.016448604674688262,
      "max_error": 5.0041059408405255,
      "error_std": 0.9162656477864026,
      "error_variance": 0.8395427373134361,
      "error_variance_trend": -0.08301773733139572,
      "error_per_dim": 1.082038096378347,
      "mean_energy": 64.986090336951,
      "min_energy": 21.00006510995537,
      "max_energy": 103.25275917795065,
      "energy_std": 24.225798864959607,
      "energy_drift": -78.06188870420272,
      "energy_trend": -0.04187849368975853,
      "mean_update_magnitude": 0.4326376660467553,
      "max_update_magnitude": 0.709084567716167,
      "update_variance": 0.016877157417805853,
      "precision_variance": 253854768.60189554,
      "prior_entropy": 2.0427487918451126,
      "weight_range": 117.36877652581585,
      "near_death_count": 0,
      "accumulated_error": 6120.931803610509,
      "error_to_update_ratio": 7.07397007075918,
      "energy_efficiency": 21.234051422201713
    },
    {
      "signal_ratio": 0.9,
      "ticks_survived": 2000,
      "is_alive": true,
      "mean_error": 3.0866777816894153,
      "min_error": 0.7372857761715831,
      "max_error": 5.527985608768865,
      "error_std": 0.9130090013623625,
      "error_variance": 0.8335854365686985,
      "error_variance_trend": 0.04941459412352911,
      "error_per_dim": 1.0913053953852176,
      "mean_energy": 61.81036442682657,
      "min_energy": 14.198802814770021,
      "max_energy": 102.77089153463169,
      "energy_std": 26.374309579794282,
      "energy_drift": -84.59287382995997,
      "energy_trend": -0.04559202509980261,
      "mean_update_magnitude": 0.4363133055972015,
      "max_update_magnitude": 0.7807845503663019,
      "update_variance": 0.016768829180904363,
      "precision_variance": 177049408.8890176,
      "prior_entropy": 2.0175465261451806,
      "weight_range": 122.37766310482297,
      "near_death_count": 116,
      "accumulated_error": 6173.355563378835,
      "error_to_update_ratio": 7.074452558253057,
      "energy_efficiency": 20.024883967964332
    },
    {
      "signal_ratio": 0.8,
      "ticks_survived": 1645,
      "is_alive": false,
      "mean_error": 3.2299983926021167,
      "min_error": 0.4546924097400017,
      "max_error": 5.479358199163487,
      "error_std": 0.8986754014529558,
      "error_variance": 0.8076174771766311,
      "error_variance_trend": 0.07158299535342816,
      "error_per_dim": 1.1419768833153026,
      "mean_energy": 53.76903103970989,
      "min_energy": 0.0,
      "max_energy": 101.26911213933802,
      "energy_std": 30.4596538868055,
      "energy_drift": -100.14005943534065,
      "energy_trend": -0.06406938831998286,
      "mean_update_magnitude": 0.4562043901048284,
      "max_update_magnitude": 0.7742163841810857,
      "update_variance": 0.016396239414603518,
      "precision_variance": 386759426.33538216,
      "prior_entropy": 1.9598156448191046,
      "weight_range": 106.94207185466172,
      "near_death_count": 303,
      "accumulated_error": 5308.610611386144,
      "error_to_update_ratio": 7.080156311410987,
      "energy_efficiency": 16.6467671195119
    },
    {
      "signal_ratio": 0.7,
      "ticks_survived": 1166,
      "is_alive": false,
      "mean_error": 3.4127351374379735,
      "min_error": 0.9180141130161166,
      "max_error": 5.390419751509456,
      "error_std": 0.7988851552774798,
      "error_variance": 0.638217491322723,
      "error_variance_trend": -0.024071072434046603,
      "error_per_dim": 1.2065840790379976,
      "mean_energy": 54.691658501461376,
      "min_energy": 0.0,
      "max_energy": 100.59105020725656,
      "energy_std": 30.103176944250468,
      "energy_drift": -100.1414384628534,
      "energy_trend": -0.08932954081978288,
      "mean_update_magnitude": 0.4818425299673796,
      "max_update_magnitude": 0.7621157234029737,
      "update_variance": 0.013166857390003473,
      "precision_variance": 536797264.7503017,
      "prior_entropy": 1.9255015472984511,
      "weight_range": 78.15761309049779,
      "near_death_count": 200,
      "accumulated_error": 3975.642576700876,
      "error_to_update_ratio": 7.082677274172426,
      "energy_efficiency": 16.02575538309053
    },
    {
      "signal_ratio": 0.6,
      "ticks_survived": 917,
      "is_alive": false,
      "mean_error": 3.6074364993387618,
      "min_error": 0.9049514427994625,
      "max_error": 5.39214511719649,
      "error_std": 0.8009553975604096,
      "error_variance": 0.6415295488811538,
      "error_variance_trend": -0.030324491920666996,
      "error_per_dim": 1.2754214056911493,
      "mean_energy": 52.12370325408316,
      "min_energy": 0.0,
      "max_energy": 100.14077406743864,
      "energy_std": 30.197553244593767,
      "energy_drift": -100.14077406743864,
      "energy_trend": -0.11399505941063483,
      "mean_update_magnitude": 0.5091146691651005,
      "max_update_magnitude": 0.7673215703081955,
      "update_variance": 0.013388060770960403,
      "precision_variance": 145316068.9174376,
      "prior_entropy": 1.8673339444222221,
      "weight_range": 57.1562951073362,
      "near_death_count": 181,
      "accumulated_error": 3304.1537173257284,
      "error_to_update_ratio": 7.0857052784317585,
      "energy_efficiency": 14.44895932671094
    },
    {
      "signal_ratio": 0.5,
      "ticks_survived": 806,
      "is_alive": false,
      "mean_error": 3.732634419077409,
      "min_error": 1.3403700711601332,
      "max_error": 5.4617743315817515,
      "error_std": 0.762321974519669,
      "error_variance": 0.5811347928355668,
      "error_variance_trend": 0.09173253977460083,
      "error_per_dim": 1.3196855547099726,
      "mean_energy": 52.65177850761871,
      "min_energy": 0.0,
      "max_energy": 100.14053813826068,
      "energy_std": 29.97424133025409,
      "energy_drift": -100.14053813826068,
      "energy_trend": -0.1287596585997841,
      "mean_update_magnitude": 0.5265817637543495,
      "max_update_magnitude": 0.7729238677721004,
      "update_variance": 0.012289886880226555,
      "precision_variance": 349043476.8179047,
      "prior_entropy": 1.9744869233731148,
      "weight_range": 54.705774675609135,
      "near_death_count": 153,
      "accumulated_error": 3004.0648792346856,
      "error_to_update_ratio": 7.088423252176733,
      "energy_efficiency": 14.105795691403932
    },
    {
      "signal_ratio": 0.4,
      "ticks_survived": 771,
      "is_alive": false,
      "mean_error": 3.788378426111304,
      "min_error": 1.1139041278396289,
      "max_error": 5.529130629141343,
      "error_std": 0.8078790821483335,
      "error_variance": 0.6526686113728338,
      "error_variance_trend": -0.046492731553995026,
      "error_per_dim": 1.3393940374020614,
      "mean_energy": 53.19504384602917,
      "min_energy": 0.0,
      "max_energy": 100.17422379426452,
      "energy_std": 29.903574245189077,
      "energy_drift": -100.14120664690975,
      "energy_trend": -0.13422712685391439,
      "mean_update_magnitude": 0.5343111021757253,
      "max_update_magnitude": 0.7841641959714617,
      "update_variance": 0.013757621647004274,
      "precision_variance": 86506302.21365748,
      "prior_entropy": 1.8884677689001856,
      "weight_range": 52.297543451310474,
      "near_death_count": 143,
      "accumulated_error": 2915.8857855225715,
      "error_to_update_ratio": 7.090210946349292,
      "energy_efficiency": 14.041639419647069
    },
    {
      "signal_ratio": 0.3,
      "ticks_survived": 747,
      "is_alive": false,
      "mean_error": 3.826740612691945,
      "min_error": 0.8610583287873411,
      "max_error": 5.384887559637992,
      "error_std": 0.8104902739336388,
      "error_variance": 0.6568944841410249,
      "error_variance_trend": 0.15693175373772306,