{
  "timestamp": "20260226_184717",
  "experiment_type": "predictability_sweep",
  "results": [
    {
      "signal_ratio": 1.0,
      "ticks_survived": 2000,
      "is_alive": true,
      "mean_error": 3.063586364729892,
      "min_error": 0.034289825163736014,
      "max_error": 4.992215770221063,
      "error_std": 0.9135660330719712,
      "error_variance": 0.8346028967828579,
      "error_variance_trend": -0.08155499605413352,
      "error_per_dim": 1.083141346625575,
      "mean_energy": 137.37980015641196,
      "min_energy": 100.26578246744556,
      "max_energy": 172.33143344891417,
      "energy_std": 20.285347303821926,
      "energy_drift": 72.06565098146861,
      "energy_trend": 0.0351240872308828,
      "mean_update_magnitude": 0.4330837146677881,
      "max_update_magnitude": 0.7046825708456685,
      "update_variance": 0.01678543754685001,
      "precision_variance": 15666594.007456861,
      "prior_entropy": 2.038254163517294,
      "weight_range": 117.83812901077671,
      "near_death_count": 0,
      "accumulated_error": 6127.172729459787,
      "error_to_update_ratio": 7.073889551290408,
      "energy_efficiency": 44.84280310603879
    },
    {
      "signal_ratio": 0.9,
      "ticks_survived": 2000,
      "is_alive": true,
      "mean_error": 3.084224621254486,
      "min_error": 0.7907854186060597,
      "max_error": 5.313579148840445,
      "error_std": 0.9124735133057656,
      "error_variance": 0.8326079124845673,
      "error_variance_trend": 0.07540454329728918,
      "error_per_dim": 1.090438072195779,
      "mean_energy": 136.30277945914085,
      "min_energy": 100.04857136190586,
      "max_energy": 170.44065457178536,
      "energy_std": 19.98770156375397,
      "energy_drift": 70.3920832098795,
      "energy_trend": 0.03460896577512665,
      "mean_update_magnitude": 0.4359873193436313,
      "max_update_magnitude": 0.7525479104329803,
      "update_variance": 0.016756572827410443,
      "precision_variance": 565742569.0959281,
      "prior_entropy": 1.9730210921818254,
      "weight_range": 123.23243885031485,
      "near_death_count": 0,
      "accumulated_error": 6168.449242508969,
      "error_to_update_ratio": 7.074115424252023,
      "energy_efficiency": 44.19353198707081
    },
    {
      "signal_ratio": 0.8,
      "ticks_survived": 2000,
      "is_alive": true,
      "mean_error": 3.218455932778656,
      "min_error": 0.7121835021097644,
      "max_error": 5.405230724835942,
      "error_std": 0.8752126039980274,
      "error_variance": 0.7659971021970078,
      "error_variance_trend": 0.09448994965604884,
      "error_per_dim": 1.1378960075089315,
      "mean_energy": 129.934093725154,
      "min_energy": 100.04886768143359,
      "max_energy": 157.26303710360693,
      "energy_std": 15.917889188141649,
      "energy_drift": 57.21416942217334,
      "energy_trend": 0.027541122357779762,
      "mean_update_magnitude": 0.45499256895141116,
      "max_update_magnitude": 0.7650989847463624,
      "update_variance": 0.015420044270349965,
      "precision_variance": 57425340.52607208,
      "prior_entropy": 1.9025844620282413,
      "weight_range": 125.31192990629222,
      "near_death_count": 0,
      "accumulated_error": 6436.911865557302,
      "error_to_update_ratio": 7.07364504762932,
      "energy_efficiency": 40.37156215121397
    },
    {
      "signal_ratio": 0.7,
      "ticks_survived": 2000,
      "is_alive": true,
      "mean_error": 3.479552166717445,
      "min_error": 0.6516589982139904,
      "max_error": 5.48973059391644,
      "error_std": 0.7857630414762715,
      "error_variance": 0.6174235573500407,
      "error_variance_trend": -0.022818031518541004,
      "error_per_dim": 1.230207466289125,
      "mean_energy": 117.80237572128227,
      "min_energy": 100.04853637886875,
      "max_energy": 133.09959390670454,
      "energy_std": 8.843935367971255,
      "energy_drift": 33.051057527835795,
      "energy_trend": 0.015295282648444005,
      "mean_update_magnitude": 0.49196300585543173,
      "max_update_magnitude": 0.7781090649407568,
      "update_variance": 0.01245870823543315,
      "precision_variance": 1376449236.8490684,
      "prior_entropy": 2.009085828330469,
      "weight_range": 126.35930170333557,
      "near_death_count": 0,
      "accumulated_error": 6959.104333434872,
      "error_to_update_ratio": 7.072792312828228,
      "energy_efficiency": 33.855614192164744
    },
    {
      "signal_ratio": 0.6,
      "ticks_survived": 2000,
      "is_alive": true,
      "mean_error": 3.6776453099764894,
      "min_error": 0.8422127054214386,
      "max_error": 5.518052849768558,
      "error_std": 0.8109473177183505,
      "error_variance": 0.6576355521145872,
      "error_variance_trend": 0.07133060391730262,
      "error_per_dim": 1.300243968741639,
      "mean_energy": 109.72930948012413,
      "min_energy": 100.04934524745572,
      "max_energy": 118.19099310881535,
      "energy_std": 4.741411192825904,
      "energy_drift": 18.14164786135963,
      "energy_trend": 0.00819357262504633,
      "mean_update_magnitude": 0.5199698484119695,
      "max_update_magnitude": 0.7821900001904011,
      "update_variance": 0.013300299196679091,
      "precision_variance": 1450461361.6101618,
      "prior_entropy": 1.8759586366667897,
      "weight_range": 129.4095818608875,
      "near_death_count": 0,
      "accumulated_error": 7355.290619952977,
      "error_to_update_ratio": 7.0728049337880625,
      "energy_efficiency": 29.836838582414007
    },
    {
      "signal_ratio": 0.5,
      "ticks_survived": 2000,
      "is_alive": true,
      "mean_error": 3.794292951847391,
      "min_error": 1.024336293946015,
      "max_error": 5.594619502209927,
      "error_std": 0.7912784726410523,
      "error_variance": 0.6261216212651567,
      "error_variance_trend": 0.07721400879254492,
      "error_per_dim": 1.3414851380298063,
      "mean_energy": 105.4834191762159,
      "min_energy": 100.04887355994198,
      "max_energy": 109.37328613891214,
      "energy_std": 2.217770223748395,
      "energy_drift": 9.090402054136575,
      "energy_trend": 0.0038087174362059165,
      "mean_update_magnitude": 0.5364293458927314,
      "max_update_magnitude": 0.7922028220961153,
      "update_variance": 0.012658082483445654,
      "precision_variance": 18807028.77355959,
      "prior_entropy": 2.017144897648847,
      "weight_range": 120.08469380225175,
      "near_death_count": 0,
      "accumulated_error": 7588.585903694783,
      "error_to_update_ratio": 7.073238964631147,
      "energy_efficiency": 27.800546903495515
    },
    {
      "signal_ratio": 0.4,
      "ticks_survived": 2000,
      "is_alive": true,
      "mean_error": 3.8551387161545936,
      "min_error": 0.8543674798565257,
      "max_error": 5.6495410466268945,
      "error_std": 0.784562401918539,
      "error_variance": 0.6155381625041871,
      "error_variance_trend": 0.07311690511074331,
      "error_per_dim": 1.3629973643038569,
      "mean_energy": 103.53147673337435,
      "min_energy": 100.04840563413563,
      "max_energy": 105.50132488629589,
      "energy_std": 1.1421510675179927,
      "energy_drift": 4.5712820991552405,
      "energy_trend": 0.0018509940554685667,
      "mean_update_magnitude": 0.5449545040731496,
      "max_update_magnitude": 0.7967483092204959,
      "update_variance": 0.012454566914687442,
      "precision_variance": 40761545.26929559,
      "prior_entropy": 1.8437909907327623,
      "weight_range": 127.78932284955341,
      "near_death_count": 0,
      "accumulated_error": 7710.277432309177,
      "error_to_update_ratio": 7.074239567950597,
      "energy_efficiency": 26.855447845975025
    },
    {
      "signal_ratio": 0.3,
      "ticks_survived": 2000,
      "is_alive": true,
      "mean_error": 3.9156072161727358,
      "min_error": 1.6836412491744146,
      "max_error": 5.586574152838353,
      "error_std": 0.7507817624660957,
      "error_variance": 0.5636732548516971,