{
  "timestamp": "20260225_030732",
  "experiment_type": "predictability_sweep",
  "results": [
    {
      "signal_ratio": 1.0,
      "ticks_survived": 2000,
      "is_alive": true,
      "mean_error": 3.058212397637653,
      "min_error": 0.013632275070496946,
      "max_error": 5.001478132538225,
      "error_std": 0.9168950204699192,
      "error_variance": 0.8406964785625335,
      "error_variance_trend": -0.07734892384527381,
      "error_per_dim": 1.0812413623391774,
      "mean_energy": 182.56601519799472,
      "min_energy": 100.51711511553333,
      "max_energy": 200.0,
      "energy_std": 28.799812322064724,
      "energy_drift": 99.48288488446667,
      "energy_trend": 0.03983139842847288,
      "mean_update_magnitude": 0.4323301574158851,
      "max_update_magnitude": 0.7121867183801588,
      "update_variance": 0.01691332503889153,
      "precision_variance": 2327415.7532234527,
      "prior_entropy": 2.0382089853124477,
      "weight_range": 116.68765989039669,
      "near_death_count": 0,
      "accumulated_error": 6116.424795275301,
      "error_to_update_ratio": 7.073789196686528,
      "energy_efficiency": 59.696970469758725
    },
    {
      "signal_ratio": 0.9,
      "ticks_survived": 2000,
      "is_alive": true,
      "mean_error": 3.101004157096046,
      "min_error": 0.7370422558532936,
      "max_error": 5.495262212049989,
      "error_std": 0.9137508255949706,
      "error_variance": 0.8349405712754904,
      "error_variance_trend": 0.026748755198640728,
      "error_per_dim": 1.096370533985144,
      "mean_energy": 181.74726117014842,
      "min_energy": 100.14099252047751,
      "max_energy": 200.0,
      "energy_std": 29.296178129195667,
      "energy_drift": 99.85900747952249,
      "energy_trend": 0.04114462239512221,
      "mean_update_magnitude": 0.4383393914736912,
      "max_update_magnitude": 0.7720906605901764,
      "update_variance": 0.016794030579017103,
      "precision_variance": 58202037.75308561,
      "prior_entropy": 2.0167392478743187,
      "weight_range": 121.89609979161287,
      "near_death_count": 0,
      "accumulated_error": 6202.008314192098,
      "error_to_update_ratio": 7.074436422341756,
      "energy_efficiency": 58.60916398592829
    },
    {
      "signal_ratio": 0.8,
      "ticks_survived": 2000,
      "is_alive": true,
      "mean_error": 3.2099669179686567,
      "min_error": 0.5890091907058638,
      "max_error": 5.442182031820321,
      "error_std": 0.9075644812902997,
      "error_variance": 0.8236732876997307,
      "error_variance_trend": 0.0719711598872721,
      "error_per_dim": 1.1348946875400596,
      "mean_energy": 180.54588471523633,
      "min_energy": 100.14066955746347,
      "max_energy": 200.0,
      "energy_std": 29.7868636931968,
      "energy_drift": 99.85933044253653,
      "energy_trend": 0.04284770889099098,
      "mean_update_magnitude": 0.45372661622602756,
      "max_update_magnitude": 0.7683718472040189,
      "update_variance": 0.01658490698116969,
      "precision_variance": 89844373.89083377,
      "prior_entropy": 1.8444286452116587,
      "weight_range": 131.603983762476,
      "near_death_count": 0,
      "accumulated_error": 6419.933835937303,
      "error_to_update_ratio": 7.074671845264018,
      "energy_efficiency": 56.245403558197886
    },
    {
      "signal_ratio": 0.7,
      "ticks_survived": 2000,
      "is_alive": true,
      "mean_error": 3.4630704860258876,
      "min_error": 0.9272583372010181,
      "max_error": 5.4330274032075705,
      "error_std": 0.7845174205626138,
      "error_variance": 0.615467583166217,
      "error_variance_trend": 0.19652175643529046,
      "error_per_dim": 1.224380312197949,
      "mean_energy": 177.20728214531934,
      "min_energy": 100.1397417578052,
      "max_energy": 200.0,
      "energy_std": 31.0992836726324,
      "energy_drift": 99.8602582421948,
      "energy_trend": 0.04713661528858962,
      "mean_update_magnitude": 0.4896208595419591,
      "max_update_magnitude": 0.7695707616568052,
      "update_variance": 0.012442258522444778,
      "precision_variance": 60398411.213012405,
      "prior_entropy": 1.8582183242285404,
      "weight_range": 128.05352872089352,
      "near_death_count": 0,
      "accumulated_error": 6926.140972051772,
      "error_to_update_ratio": 7.072963534597561,
      "energy_efficiency": 51.17056752245313
    },
    {
      "signal_ratio": 0.6,
      "ticks_survived": 2000,
      "is_alive": true,
      "mean_error": 3.6498022679880386,
      "min_error": 0.6374680188073502,
      "max_error": 5.437842765889396,
      "error_std": 0.7806297392669573,
      "error_variance": 0.6093827898279979,
      "error_variance_trend": 0.09614764353229316,
      "error_per_dim": 1.2903999668421913,
      "mean_energy": 173.75038959973102,
      "min_energy": 100.14129789912674,
      "max_energy": 200.0,
      "energy_std": 31.980430911909426,
      "energy_drift": 99.85870210087326,
      "energy_trend": 0.050570487557843394,
      "mean_update_magnitude": 0.5159782399295251,
      "max_update_magnitude": 0.7681131028857245,
      "update_variance": 0.01231280571996574,
      "precision_variance": 44539482.486116044,
      "prior_entropy": 1.9837439011544697,
      "weight_range": 121.342242098447,
      "near_death_count": 0,
      "accumulated_error": 7299.604535976077,
      "error_to_update_ratio": 7.073558504674909,
      "energy_efficiency": 47.605425400415115
    },
    {
      "signal_ratio": 0.5,
      "ticks_survived": 2000,
      "is_alive": true,
      "mean_error": 3.792546855783938,
      "min_error": 0.830578153779666,
      "max_error": 5.531139138580398,
      "error_std": 0.7870952116957339,
      "error_variance": 0.6195188722743522,
      "error_variance_trend": -0.0876019864473983,
      "error_per_dim": 1.3408677998462708,
      "mean_energy": 172.20776338294002,
      "min_energy": 100.14006885733734,
      "max_energy": 200.0,
      "energy_std": 31.7835738995971,
      "energy_drift": 99.85993114266266,
      "energy_trend": 0.051259233051613076,
      "mean_update_magnitude": 0.5361280559978429,
      "max_update_magnitude": 0.7799503371288217,
      "update_variance": 0.012525236748850095,
      "precision_variance": 5547058.081350822,
      "prior_entropy": 1.8982117393956504,
      "weight_range": 118.25292723652257,
      "near_death_count": 0,
      "accumulated_error": 7585.093711567864,
      "error_to_update_ratio": 7.073957075456245,
      "energy_efficiency": 45.406891444404614
    },
    {
      "signal_ratio": 0.4,
      "ticks_survived": 2000,
      "is_alive": true,
      "mean_error": 3.8528476261313713,
      "min_error": 0.8557627223876721,
      "max_error": 5.53370980809771,
      "error_std": 0.791351516861827,
      "error_variance": 0.6262372232395146,
      "error_variance_trend": 0.1518002808243899,
      "error_per_dim": 1.3621873416579922,
      "mean_energy": 170.0675808031515,
      "min_energy": 100.14026838070012,
      "max_energy": 200.0,
      "energy_std": 32.401671670493656,
      "energy_drift": 99.85973161929988,
      "energy_trend": 0.05304273300957902,
      "mean_update_magnitude": 0.5446720590877511,
      "max_update_magnitude": 0.7820115952216594,
      "update_variance": 0.012661941036355893,
      "precision_variance": 17769698.176401064,
      "prior_entropy": 1.7529746630358147,
      "weight_range": 121.72550767625981,
      "near_death_count": 0,
      "accumulated_error": 7705.695252262744,
      "error_to_update_ratio": 7.0737016175879806,
      "energy_efficiency": 44.140749207230286
    },
    {
      "signal_ratio": 0.3,
      "ticks_survived": 2000,
      "is_alive": true,
      "mean_error": 3.8581500035939125,
      "min_error": 1.0915021177065598,
      "max_error": 5.562492154506199,
      "error_std": 0.7957567137448729,
      "error_variance": 0.6332287474700397,
      "error_variance_trend": 0.07750314418729498,
      "error_per_dim": 1.364062015188079,
      "mean_energy": 170.35052286237288,