{
  "timestamp": "20260226_190750",
  "experiment_type": "predictability_sweep",
  "results": [
    {
      "signal_ratio": 1.0,
      "ticks_survived": 2000,
      "is_alive": true,
      "mean_error": 2.9990726145590325,
      "min_error": 0.027821799156698895,
      "max_error": 5.028963157526039,
      "error_std": 0.9389131023015165,
      "error_variance": 0.881557813673458,
      "error_variance_trend": -0.11240488158963036,
      "error_per_dim": 1.0603322915127804,
      "mean_energy": 126.80431244532392,
      "min_energy": 100.2170635185868,
      "max_energy": 148.14785867237964,
      "energy_std": 12.88723231642704,
      "energy_drift": 47.93079515379284,
      "energy_trend": 0.022259406620019528,
      "mean_update_magnitude": 0.28516310141089307,
      "max_update_magnitude": 0.5368724339222865,
      "update_variance": 0.009017692832191723,
      "precision_variance": 42886858.778485835,
      "prior_entropy": 2.0492392387593314,
      "weight_range": 78.97252752347993,
      "near_death_count": 0,
      "accumulated_error": 5998.145229118065,
      "error_to_update_ratio": 10.517043048939028,
      "energy_efficiency": 42.2811744622397
    },
    {
      "signal_ratio": 0.9,
      "ticks_survived": 2000,
      "is_alive": true,
      "mean_error": 3.0820853321752857,
      "min_error": 0.8969350295948668,
      "max_error": 5.434808591399437,
      "error_std": 0.9017966281848866,
      "error_variance": 0.8132371586056305,
      "error_variance_trend": -0.02886613072440014,
      "error_per_dim": 1.0896817192883685,
      "mean_energy": 123.59013365050365,
      "min_energy": 100.02975580933844,
      "max_energy": 140.9542530777517,
      "energy_std": 10.997540946694777,
      "energy_drift": 40.92449726841326,
      "energy_trend": 0.018958919412044837,
      "mean_update_magnitude": 0.28674393246187185,
      "max_update_magnitude": 0.5357995394523974,
      "update_variance": 0.007960734953075088,
      "precision_variance": 99511335.92282078,
      "prior_entropy": 1.992012572362237,
      "weight_range": 84.97379840304035,
      "near_death_count": 0,
      "accumulated_error": 6164.170664350584,
      "error_to_update_ratio": 10.748563377222471,
      "energy_efficiency": 40.09951715362332
    },
    {
      "signal_ratio": 0.8,
      "ticks_survived": 2000,
      "is_alive": true,
      "mean_error": 3.214451339189628,
      "min_error": 0.5419673640013665,
      "max_error": 5.342902756065859,
      "error_std": 0.8805203107415566,
      "error_variance": 0.7753160176284073,
      "error_variance_trend": 0.020274901205127538,
      "error_per_dim": 1.1364801698675824,
      "mean_energy": 118.10122221809932,
      "min_energy": 100.03074754194277,
      "max_energy": 130.80196544956053,
      "energy_std": 7.925917393554645,
      "energy_drift": 30.771217907617753,
      "energy_trend": 0.013631630398753914,
      "mean_update_magnitude": 0.2875654607385266,
      "max_update_magnitude": 0.5012468400868569,
      "update_variance": 0.006828202312817664,
      "precision_variance": 3665991.905082393,
      "prior_entropy": 1.8103600530446657,
      "weight_range": 90.2680269308581,
      "near_death_count": 0,
      "accumulated_error": 6428.902678379255,
      "error_to_update_ratio": 11.178155157495087,
      "energy_efficiency": 36.74070930070415
    },
    {
      "signal_ratio": 0.7,
      "ticks_survived": 2000,
      "is_alive": true,
      "mean_error": 3.392413447732333,
      "min_error": 0.8775776332365608,
      "max_error": 5.559424273373944,
      "error_std": 0.838390212921075,
      "error_variance": 0.7028981491218453,
      "error_variance_trend": 0.15126907624502106,
      "error_per_dim": 1.199399276739984,
      "mean_energy": 111.32552471604471,
      "min_energy": 100.03145223262787,
      "max_energy": 117.55588283198176,
      "energy_std": 4.078456241334189,
      "energy_drift": 17.522815538226396,
      "energy_trend": 0.00686166643454565,
      "mean_update_magnitude": 0.28857183830851635,
      "max_update_magnitude": 0.48378219454184707,
      "update_variance": 0.005403628842335682,
      "precision_variance": 206685.13793026473,
      "prior_entropy": 1.9373916816016385,
      "weight_range": 78.46769106800348,
      "near_death_count": 0,
      "accumulated_error": 6784.826895464675,
      "error_to_update_ratio": 11.755871489198704,
      "energy_efficiency": 32.8160250594393
    },
    {
      "signal_ratio": 0.6,
      "ticks_survived": 2000,
      "is_alive": true,
      "mean_error": 3.649182476743477,
      "min_error": 0.9844525829037508,
      "max_error": 5.5730399608953345,
      "error_std": 0.7686648090910473,
      "error_variance": 0.5908455887349762,
      "error_variance_trend": 0.1459570067408012,
      "error_per_dim": 1.2901808375462165,
      "mean_energy": 102.16617775148448,
      "min_energy": 99.84494005856965,
      "max_energy": 103.80227541540626,
      "energy_std": 1.079397560660569,
      "energy_drift": -0.11639483124035621,
      "energy_trend": -0.0013673779736689989,
      "mean_update_magnitude": 0.28875042862787004,
      "max_update_magnitude": 0.4387469540908678,
      "update_variance": 0.003747260942846127,
      "precision_variance": 3221167.9441211843,
      "prior_entropy": 1.7578776538265641,
      "weight_range": 70.8958211986163,
      "near_death_count": 0,
      "accumulated_error": 7298.364953486967,
      "error_to_update_ratio": 12.637842627006496,
      "energy_efficiency": 27.997004370101457
    },
    {
      "signal_ratio": 0.5,
      "ticks_survived": 2000,
      "is_alive": true,
      "mean_error": 3.764876933014522,
      "min_error": 0.984677914412901,
      "max_error": 5.609167602395114,
      "error_std": 0.7811403219194716,
      "error_variance": 0.6101802025284557,
      "error_variance_trend": 0.009933761743509462,
      "error_per_dim": 1.3310850048336897,
      "mean_energy": 97.90094778179287,
      "min_energy": 93.28285950393189,
      "max_energy": 102.25563959353696,
      "energy_std": 2.7470203938064444,
      "energy_drift": -6.668633470373891,
      "energy_trend": -0.004711046820499153,
      "mean_update_magnitude": 0.2876061237135262,
      "max_update_magnitude": 0.42790911855629804,
      "update_variance": 0.0035927521396723018,
      "precision_variance": 162895386.40062144,
      "prior_entropy": 1.830536592233553,
      "weight_range": 68.44132903684651,
      "near_death_count": 0,
      "accumulated_error": 7529.753866029048,
      "error_to_update_ratio": 13.090392106725577,
      "energy_efficiency": 26.003757764481186
    },
    {
      "signal_ratio": 0.4,
      "ticks_survived": 2000,
      "is_alive": true,
      "mean_error": 3.813845882342831,
      "min_error": 1.3063404391067486,
      "max_error": 5.521181312494786,
      "error_std": 0.7863828922027674,
      "error_variance": 0.6183980531491893,
      "error_variance_trend": -0.047062250772360814,
      "error_per_dim": 1.3483981429025036,
      "mean_energy": 97.00398323507108,
      "min_energy": 90.47637883902111,
      "max_energy": 101.88579223008848,
      "energy_std": 3.446658472227505,
      "energy_drift": -9.479663469498078,
      "energy_trend": -0.0058989484378049835,
      "mean_update_magnitude": 0.2891546927074049,
      "max_update_magnitude": 0.42378022428864326,
      "update_variance": 0.0035841820926328294,
      "precision_variance": 5100163.758068335,
      "prior_entropy": 1.9872794943451166,
      "weight_range": 62.492860720056186,
      "near_death_count": 0,
      "accumulated_error": 7627.691764685649,
      "error_to_update_ratio": 13.189638547153342,
      "energy_efficiency": 25.434688822018792
    },
    {
      "signal_ratio": 0.3,
      "ticks_survived": 2000,
      "is_alive": true,
      "mean_error": 3.8300871088606945,
      "min_error": 0.7130605922272167,
      "max_error": 5.548412294817555,
      "error_std": 0.8028654174276969,
      "error_variance": 0.6445928785013499,