{
  "timestamp": "20260225_025248",
  "experiment_type": "predictability_sweep",
  "results": [
    {
      "signal_ratio": 1.0,
      "ticks_survived": 338,
      "is_alive": false,
      "mean_error": 3.066360058419056,
      "min_error": 0.029006807943552048,
      "max_error": 5.021331757202231,
      "error_std": 0.9110376946421513,
      "error_variance": 0.8299896810588858,
      "error_variance_trend": 0.05966938767258978,
      "error_per_dim": 1.0841219954338461,
      "mean_energy": 51.57181745534175,
      "min_energy": 0.0,
      "max_energy": 100.78120533263167,
      "energy_std": 28.74375542965932,
      "energy_drift": -100.64183756205954,
      "energy_trend": -0.29408448427371536,
      "mean_update_magnitude": 0.8622993122355853,
      "max_update_magnitude": 1.4169503752082808,
      "update_variance": 0.07068883049436521,
      "precision_variance": 6449304.786439157,
      "prior_entropy": 1.9950788856787172,
      "weight_range": 40.6684327750673,
      "near_death_count": 64,
      "accumulated_error": 1033.161176727991,
      "error_to_update_ratio": 3.556027489009182,
      "energy_efficiency": 16.818578533223242
    },
    {
      "signal_ratio": 0.9,
      "ticks_survived": 340,
      "is_alive": false,
      "mean_error": 3.0591241023509683,
      "min_error": 0.8270892692949927,
      "max_error": 5.108722670431519,
      "error_std": 0.9111999574407329,
      "error_variance": 0.8302853624399934,
      "error_variance_trend": 0.01228643480105962,
      "error_per_dim": 1.0815636986317898,
      "mean_energy": 52.172557519369064,
      "min_energy": 0.0,
      "max_energy": 100.1470155235165,
      "energy_std": 28.779001683199617,
      "energy_drift": -100.1470155235165,
      "energy_trend": -0.2925787790571954,
      "mean_update_magnitude": 0.8598292941465026,
      "max_update_magnitude": 1.4461178972809414,
      "update_variance": 0.07060811001700201,
      "precision_variance": 65603291.41150804,
      "prior_entropy": 1.9030983977359406,
      "weight_range": 42.16717066129215,
      "near_death_count": 65,
      "accumulated_error": 1036.6553144463269,
      "error_to_update_ratio": 3.5578272603886822,
      "energy_efficiency": 17.054737164003395
    },
    {
      "signal_ratio": 0.8,
      "ticks_survived": 311,
      "is_alive": false,
      "mean_error": 3.1765112585575848,
      "min_error": 0.6121357705688557,
      "max_error": 5.383417143014649,
      "error_std": 0.9035881372306315,
      "error_variance": 0.8164715217439225,
      "error_variance_trend": 0.10001030950568313,
      "error_per_dim": 1.1230663257207414,
      "mean_energy": 50.486636442091985,
      "min_energy": 0.0,
      "max_energy": 100.14639362352,
      "energy_std": 30.241629754802727,
      "energy_drift": -100.14639362352,
      "energy_trend": -0.33624820549567863,
      "mean_update_magnitude": 0.8925454910109527,
      "max_update_magnitude": 1.5241742112894998,
      "update_variance": 0.07037825867065586,
      "precision_variance": 1150917.0107163838,
      "prior_entropy": 1.8839193417851654,
      "weight_range": 40.727909845442994,
      "near_death_count": 58,
      "accumulated_error": 984.1253018457124,
      "error_to_update_ratio": 3.558934855638312,
      "energy_efficiency": 15.893737604263357
    },
    {
      "signal_ratio": 0.7,
      "ticks_survived": 260,
      "is_alive": false,
      "mean_error": 3.438658548607497,
      "min_error": 1.0612782385549075,
      "max_error": 5.007852225605537,
      "error_std": 0.7396805547197868,
      "error_variance": 0.5471273230305715,
      "error_variance_trend": 0.052058117929046854,
      "error_per_dim": 1.2157493889527262,
      "mean_energy": 51.00568168279584,
      "min_energy": 0.0,
      "max_energy": 100.14347698815837,
      "energy_std": 29.862530686577742,
      "energy_drift": -100.14347698815837,
      "energy_trend": -0.39754388238403754,
      "mean_update_magnitude": 0.9647570707659362,
      "max_update_magnitude": 1.4150940412003294,
      "update_variance": 0.05070483431322427,
      "precision_variance": 85345715.24582024,
      "prior_entropy": 1.963102950016058,
      "weight_range": 36.22405821720476,
      "near_death_count": 53,
      "accumulated_error": 889.7528002130075,
      "error_to_update_ratio": 3.5642740047720647,
      "energy_efficiency": 14.833017282849314
    },
    {
      "signal_ratio": 0.6,
      "ticks_survived": 229,
      "is_alive": false,
      "mean_error": 3.666647294413632,
      "min_error": 1.3769672720873756,
      "max_error": 5.2307032479017685,
      "error_std": 0.7486059904497665,
      "error_variance": 0.560410928937276,
      "error_variance_trend": 0.0,
      "error_per_dim": 1.2963555830495932,
      "mean_energy": 51.81997806717596,
      "min_energy": 0.0,
      "max_energy": 100.14264676751526,
      "energy_std": 29.68395182474233,
      "energy_drift": -100.14264676751526,
      "energy_trend": -0.44885874365474476,
      "mean_update_magnitude": 1.0278522804193118,
      "max_update_magnitude": 1.4780903525997802,
      "update_variance": 0.05348095386100833,
      "precision_variance": 614693144.1003597,
      "prior_entropy": 1.9775898650987846,
      "weight_range": 34.49313306537147,
      "near_death_count": 42,
      "accumulated_error": 835.2850343820785,
      "error_to_update_ratio": 3.5672901290456798,
      "energy_efficiency": 14.132795959053297
    },
    {
      "signal_ratio": 0.5,
      "ticks_survived": 229,
      "is_alive": false,
      "mean_error": 3.6690275745104213,
      "min_error": 1.6377437691900048,
      "max_error": 5.494605452292571,
      "error_std": 0.8078940023595361,
      "error_variance": 0.6526927190485102,
      "error_variance_trend": 0.0,
      "error_per_dim": 1.2971971391483748,
      "mean_energy": 51.907241173805915,
      "min_energy": 0.0,
      "max_energy": 100.1444715399708,
      "energy_std": 29.96146891092392,
      "energy_drift": -100.1444715399708,
      "energy_trend": -0.4530344979544357,
      "mean_update_magnitude": 1.028901325651553,
      "max_update_magnitude": 1.548919283689608,
      "update_variance": 0.061172749489340025,
      "precision_variance": 1496418.344057315,
      "prior_entropy": 1.389988908449422,
      "weight_range": 30.810079684129114,
      "near_death_count": 41,
      "accumulated_error": 836.2702082604048,
      "error_to_update_ratio": 3.5659664174603027,
      "energy_efficiency": 14.14741102874307
    },
    {
      "signal_ratio": 0.4,
      "ticks_survived": 213,
      "is_alive": false,
      "mean_error": 3.808801827391846,
      "min_error": 1.9979513403765312,
      "max_error": 5.280688836744611,
      "error_std": 0.7362347726157756,
      "error_variance": 0.5420416404086028,
      "error_variance_trend": 0.0,
      "error_per_dim": 1.3466148001722442,
      "mean_energy": 50.891852933719555,
      "min_energy": 0.0,
      "max_energy": 100.14396257339979,
      "energy_std": 29.875706564785894,
      "energy_drift": -100.14396257339979,
      "energy_trend": -0.4858266521352513,
      "mean_update_magnitude": 1.0689919464575575,
      "max_update_magnitude": 1.4938221553294628,
      "update_variance": 0.05354807036042662,
      "precision_variance": 457652.7594946452,
      "prior_entropy": 1.9234084414052248,
      "weight_range": 23.99403893009554,
      "near_death_count": 43,
      "accumulated_error": 808.1524793246219,
      "error_to_update_ratio": 3.562984585297593,
      "energy_efficiency": 13.361643697601515
    },
    {
      "signal_ratio": 0.3,
      "ticks_survived": 219,
      "is_alive": false,
      "mean_error": 3.766702002945544,
      "min_error": 1.4474379720234372,
      "max_error": 5.442027641391325,
      "error_std": 0.777956459154168,
      "error_variance": 0.6052162523396907,
      "error_variance_trend": 0.0,
      "error_per_dim": 1.3317302644958724,
      "mean_energy": 51.011312206052864,
      "min_energy": 0.0,
      "max_energy": 100.14383966764558,