{
  "timestamp": "20260226_184700",
  "experiment_type": "predictability_sweep",
  "results": [
    {
      "signal_ratio": 1.0,
      "ticks_survived": 2000,
      "is_alive": true,
      "mean_error": 3.058420668826508,
      "min_error": 0.03212297653836224,
      "max_error": 4.995443631386094,
      "error_std": 0.9176745980680121,
      "error_variance": 0.8421266679392875,
      "error_variance_trend": -0.07308585184414529,
      "error_per_dim": 1.0813149973241598,
      "mean_energy": 155.40814074869547,
      "min_energy": 100.31548282484778,
      "max_energy": 200.0,
      "energy_std": 30.166871245318518,
      "energy_drift": 99.68451717515222,
      "energy_trend": 0.05219006001554276,
      "mean_update_magnitude": 0.43228061520178357,
      "max_update_magnitude": 0.7076863192194665,
      "update_variance": 0.01692432101343357,
      "precision_variance": 387611771.4737118,
      "prior_entropy": 2.0381382580719363,
      "weight_range": 116.69128708865205,
      "near_death_count": 0,
      "accumulated_error": 6116.8413376530125,
      "error_to_update_ratio": 7.075081695928846,
      "energy_efficiency": 50.81319987392154
    },
    {
      "signal_ratio": 0.9,
      "ticks_survived": 2000,
      "is_alive": true,
      "mean_error": 3.065351968993167,
      "min_error": 0.810469274474145,
      "max_error": 5.473967451000147,
      "error_std": 0.8649001470819208,
      "error_variance": 0.7480522644223281,
      "error_variance_trend": -0.026556451611914222,
      "error_per_dim": 1.083765581999302,
      "mean_energy": 154.89401951527796,
      "min_energy": 100.0669139904201,
      "max_energy": 200.0,
      "energy_std": 29.681019444749996,
      "energy_drift": 99.9330860095799,
      "energy_trend": 0.05136134118652637,
      "mean_update_magnitude": 0.4333302718842256,
      "max_update_magnitude": 0.7760661297846158,
      "update_variance": 0.015071153595865003,
      "precision_variance": 26478061.77305188,
      "prior_entropy": 1.9896418741485706,
      "weight_range": 118.65739211658365,
      "near_death_count": 0,
      "accumulated_error": 6130.703937986334,
      "error_to_update_ratio": 7.073939134131746,
      "energy_efficiency": 50.53058215729163
    },
    {
      "signal_ratio": 0.8,
      "ticks_survived": 2000,
      "is_alive": true,
      "mean_error": 3.2266387103266525,
      "min_error": 0.5777429966832004,
      "max_error": 5.407183394286403,
      "error_std": 0.8775608774555449,
      "error_variance": 0.7701130936405459,
      "error_variance_trend": 0.04984111928097357,
      "error_per_dim": 1.140789056255496,
      "mean_energy": 146.3312428162579,
      "min_energy": 100.06617955976836,
      "max_energy": 190.1647562824194,
      "energy_std": 25.72842828483694,
      "energy_drift": 90.09857672265105,
      "energy_trend": 0.04455488850929949,
      "mean_update_magnitude": 0.4562160576801347,
      "max_update_magnitude": 0.7641167872389184,
      "update_variance": 0.015540082986289101,
      "precision_variance": 634750299.0492033,
      "prior_entropy": 1.9342169864424288,
      "weight_range": 129.4384952613937,
      "near_death_count": 0,
      "accumulated_error": 6453.277420653308,
      "error_to_update_ratio": 7.072611003713671,
      "energy_efficiency": 45.35098470845185
    },
    {
      "signal_ratio": 0.7,
      "ticks_survived": 2000,
      "is_alive": true,
      "mean_error": 3.47616434370311,
      "min_error": 0.8648101678470322,
      "max_error": 5.422743673648584,
      "error_std": 0.8117731542605329,
      "error_variance": 0.6589756539780949,
      "error_variance_trend": 0.19212051916262718,
      "error_per_dim": 1.2290096899756766,
      "mean_energy": 133.07502917000292,
      "min_energy": 100.06641171358358,
      "max_energy": 164.51892576532208,
      "energy_std": 17.801444030870933,
      "energy_drift": 64.4525140517385,
      "energy_trend": 0.030821238836991737,
      "mean_update_magnitude": 0.4914794378323295,
      "max_update_magnitude": 0.7708480190699308,
      "update_variance": 0.013316622362279406,
      "precision_variance": 73141809.9755908,
      "prior_entropy": 1.9073432752110904,
      "weight_range": 121.36424784513886,
      "near_death_count": 0,
      "accumulated_error": 6952.328687406209,
      "error_to_update_ratio": 7.072858140978288,
      "energy_efficiency": 38.28214549384961
    },
    {
      "signal_ratio": 0.6,
      "ticks_survived": 2000,
      "is_alive": true,
      "mean_error": 3.6696272525649074,
      "min_error": 0.9533270150942154,
      "max_error": 5.555407292124386,
      "error_std": 0.8122909061862764,
      "error_variance": 0.659816516272922,
      "error_variance_trend": 0.02906181828090071,
      "error_per_dim": 1.2974091573578026,
      "mean_energy": 125.34269874590831,
      "min_energy": 100.06684826603339,
      "max_energy": 147.30903170047125,
      "energy_std": 13.002007904957184,
      "energy_drift": 47.24218343443786,
      "energy_trend": 0.02250636481840904,
      "mean_update_magnitude": 0.518825369378576,
      "max_update_magnitude": 0.7834662521926543,
      "update_variance": 0.013312903793044773,
      "precision_variance": 91249081.48764916,
      "prior_entropy": 1.904729478064842,
      "weight_range": 115.32111773669443,
      "near_death_count": 0,
      "accumulated_error": 7339.254505129812,
      "error_to_update_ratio": 7.072952612654455,
      "energy_efficiency": 34.15679307888386
    },
    {
      "signal_ratio": 0.5,
      "ticks_survived": 2000,
      "is_alive": true,
      "mean_error": 3.8226727553560025,
      "min_error": 1.2593786778906961,
      "max_error": 5.549376285993243,
      "error_std": 0.7650442150520942,
      "error_variance": 0.585292650984675,
      "error_variance_trend": -0.025240833432036314,
      "error_per_dim": 1.3515189137846466,
      "mean_energy": 118.33616911061763,
      "min_energy": 100.06685890484677,
      "max_energy": 133.4843131495598,
      "energy_std": 9.015190279193288,
      "energy_drift": 33.3898274164972,
      "energy_trend": 0.01558671182349735,
      "mean_update_magnitude": 0.5404360807212445,
      "max_update_magnitude": 0.7862055853591079,
      "update_variance": 0.011849114572236507,
      "precision_variance": 719284308.8437552,
      "prior_entropy": 1.962583892537413,
      "weight_range": 133.05964767350486,
      "near_death_count": 0,
      "accumulated_error": 7645.3455107120135,
      "error_to_update_ratio": 7.073311518259633,
      "energy_efficiency": 30.956395349750895
    },
    {
      "signal_ratio": 0.4,
      "ticks_survived": 2000,
      "is_alive": true,
      "mean_error": 3.8339197970237593,
      "min_error": 1.1575943099069539,
      "max_error": 5.74093173694427,
      "error_std": 0.7960111135427651,
      "error_variance": 0.6336336928835928,
      "error_variance_trend": 0.07664919156635697,
      "error_per_dim": 1.355495343500426,
      "mean_energy": 117.16216345641608,
      "min_energy": 100.06719127834656,
      "max_energy": 133.26142845530254,
      "energy_std": 9.252550752487094,
      "energy_drift": 33.17821968376289,
      "energy_trend": 0.01601094276213946,
      "mean_update_magnitude": 0.5419983903647314,
      "max_update_magnitude": 0.8115495000530386,
      "update_variance": 0.012798240853023089,
      "precision_variance": 130126558.94735773,
      "prior_entropy": 1.814747736264714,
      "weight_range": 140.17001472968283,
      "near_death_count": 0,
      "accumulated_error": 7667.839594047528,
      "error_to_update_ratio": 7.073673768175586,
      "energy_efficiency": 30.55936734626326
    },
    {
      "signal_ratio": 0.3,
      "ticks_survived": 2000,
      "is_alive": true,
      "mean_error": 3.876244031323683,
      "min_error": 0.6009517171620468,
      "max_error": 5.573799869556296,
      "error_std": 0.7946778300289811,
      "error_variance": 0.6315128535395702,
      "error_variance_trend": 0.03097993663244547,